51,36732,"장화, 홍련",A Tale Of Two Sisters,2003,118분,김지운,8.73,https://movie-phinf.pstatic.net/20111222_21/1324536158982tdOto_JPEG/movie_image.jpg,"인적이 드문 시골, 이름 모를 들꽃들이 소담하게 피어 있는 신작로 끝에 일본식 목재 가옥이 홀로 서 있다. 낮이면 피아노 소리가 들려 올 듯 아름다운 그 집은 그러나,어둠이 내리면 귀기 서린 음산함을 뿜기 시작한다. 예사롭지 않은 기운이 서려 있는 이 집에서 어른도 아이도 아닌 아름다운 두자매. 수미.수연이, 아름답지만 신경이 예민한 새엄마와 함께 살게 된 그날. 그 가족의 괴담이 시작된다.  수연.수미 자매가 서울에서 오랜 요양을 마치고 돌아 오던 날. 새엄마 은주는 눈에 띄게 아이들을 반기지만, 자매는 그녀를 꺼리는 기색이 역력하다. 함께 살게 된 첫날부터 집안에는 이상한 기운이 감돌고 가족들은 환영을 보거나 악몽에 시달린다. 수미는 죽은 엄마를 대신해 아버지 무현과 동생 수연을 손수 챙기려 들고, 생모를 똑 닮은 수연은 늘 겁에 질려 있다. 신경이 예민한 은주는 그런 두 자매와 번번히 다투게 되고, 아버지 무현은 그들의 불화를 그저 관망만 한다. 은주는 정서불안 증세를 보이며 집안을 공포 분위기로 몰아가고, 동생을 지키기 위해 안간힘을 쓰는 수미가 이에 맞서는 가운데, 집안 곳곳에서 괴이한 일들이 잇달아 벌어지기 시작하는 데."
52,179482,82년생 김지영,"KIM JI-YOUNG,  BORN 1982",2019,118분,김도영,6.69,https://movie-phinf.pstatic.net/20191024_215/1571900079078PNazL_JPEG/movie_image.jpg,"1982년 봄에 태어나 누군가의 딸이자 아내, 동료이자 엄마로 2019년 오늘을 살아가는 ‘지영’(정유미). 때론 어딘가 갇힌 듯 답답하기도 하지만 남편 ‘대현’(공유)과 사랑스러운 딸, 그리고 자주 만나지 못해도 항상 든든한 가족들이 ‘지영’에겐 큰 힘이다.  하지만 언젠가부터 마치 다른 사람이 된 것처럼 말하는 ‘지영’. ‘대현’은 아내가 상처 입을까 두려워 그 사실을 털어놓지 못하고 ‘지영’은 이런 ‘대현’에게 언제나 “괜찮다”라며 웃어 보이기만 하는데…  모두가 알지만 아무도 몰랐던 당신과 나의 이야기"
53,182205,가장 보통의 연애,Crazy Romance,2019,109분,김한결,7.84,https://movie-phinf.pstatic.net/20190911_29/1568167420523xeKY5_JPEG/movie_image.jpg,"전 여친에 상처받은 ‘재훈’(김래원).  여느 때처럼 숙취로 시작한 아침,  모르는 번호의 누군가와 밤새 2시간이나 통화한 기록을 발견하게 되고   그 상대가 바로! 통성명한 지 24시간도 채 되지 않은 직장 동료 ‘선영’임을 알게 된다.   남친과 뒤끝 있는 이별 중인 ‘선영’(공효진).  새로운 회사로 출근한 첫날, 할 말 못 할 말 쏟아내며 남친과 헤어지던 현장에서 하필이면! 같은 직장의 ‘재훈’을 마주친다.  만난 지 하루 만에 일보다 서로의 연애사를 더 잘 알게 된 두 사람.  하지만 미묘한 긴장과 어색함도 잠시  ‘한심하다’, ‘어이없다’ 부딪히면서도 마음이 쓰이는 건 왜 그럴까?"
54,49336,판의 미로 - 오필리아와 세 개의 열쇠,"El Laberinto Del Fauno,  Pan's Labyrinth",2006,119분,기예르모 델 토로,7.91,https://movie-phinf.pstatic.net/20190409_174/1554774642995SWGiz_JPEG/movie_image.jpg,"1944년 스페인, 내전은 끝났지만 숲으로 숨은 시민군은 파시스트 정권에 계속해서 저항했고 그들을 진압하기 위해 정부군이 곳곳에 배치된다. ‘오필리아’는 만삭의 엄마 ‘카르멘’과 함께 새아버지 ‘비달’ 대위가 있는 숲속 기지로 거처를 옮긴다. 정부군 소속으로 냉정하고 무서운 비달 대위를 비롯해 모든 것이 낯설어 두려움을 느끼던 오필리아는 어느 날 숲속에서 숨겨진 미로를 발견한다. 그리고 그곳에서 자신을 “산이고 숲이자 땅”이라 소개하는 기괴한 모습의 요정 ‘판’과 만난다.  오필리아를 반갑게 맞이한 판은, 그녀가 지하 왕국의 공주 ‘모안나’이며 보름달이 뜨기 전까지 세 가지 임무를 끝내면 돌아갈 수 있다고 알려주면서 미래를 볼 수 있는 “선택의 책”을 건넨다. 오필리아는 전쟁보다 더 무서운 현실 속에서 인간 세계를 떠나 지하 왕국으로 돌아가기로 결심하게 되는데…  용기, 인내, 그리고 마지막 임무… 판의 미로가 다시 열리고, 환상과 현실의 경계가 무너진다!"
55,34521,인디아나 존스: 크리스탈 해골의 왕국,Indiana Jones And The Kingdom Of The Crystal Skull,2008,121분,스티븐 스필버그,7.43,https://movie-phinf.pstatic.net/20111222_134/1324524726596TFknH_JPEG/movie_image.jpg,"2차 대전 후 냉전이 최고조에 다다른 1957년. 인디아나 존스(해리슨 포드)는 친한 동료 맥(레이 윈스톤)과 함께 미국 네바다주의 51구역 비밀창고에서 목숨을 위협하는 소련 특수부대 이리나 스팔코(케이트 블란쳇) 일당의 추격을 피해 힘겹게 탈출한다. 일상으로 돌아간 인디아나 존스는 대학에서 고고학 강의를 하며 평범하게 지내고 싶어하지만 비밀창고에서의 탈출 사건과 고고학 연구에 관련해 자신의 교수직을 해고하려는 정부의 또 다른 압력이 있다는 것을 알게 된다.  어쩔 수 없이 모든 것을 정리하고 대학을 떠나려던 찰나, 그의 앞에 머트 윌리암스(샤이아 라보프)가 나타난다. 반항기 가득한 청년 머트와 존스는 크리스탈 해골 관련 여러 가지 비밀들을 늘어놓으며 수천 년 간 풀리지 않은 마야 문명의 비밀이자 고고학 사상 최고의 발견이 될 ‘크리스탈 해골’을 찾아 나서게 된다. 인디아나와 머트 일행은 크리스탈 해골을 찾아 페루 마야 문명의 전설의 도시로 향하게 되는데, 그들의 행방을 수소문하던 소련 군대의 수장 이리나 일당 역시 크리스탈 해골에 얽힌 미스터리를 풀어 세계를 정복할 야욕으로 그들을 쫓는다. 세계를 지배할 힘을 지닌 크리스탈 해골! 더욱 막강해진 적들의 등장! 지금껏 경험하지 못한 놀라운 모험이 시작된다!"
56,68695,추격자,The Chaser,2008,123분,나홍진,9.09,https://movie-phinf.pstatic.net/20111223_156/1324566721937R1fPE_JPEG/movie_image.jpg,"출장안마소(보도방)를 운영하는 전직 형사 ‘중호’, 최근 데리고 있던 여자들이 잇달아 사라지는 일이 발생하고, 조금 전 나간 미진을 불러낸 손님의 전화 번호와 사라진 여자들이 마지막으로 통화한 번호가 일치함을 알아낸다. 하지만 미진 마저도 연락이 두절되고…… 미진을 찾아 헤매던 중 우연히 ‘영민’과 마주친 중호, 옷에 묻은 피를 보고 영민이 바로 그놈인 것을 직감하고 추격 끝에 그를 붙잡는다.  실종된 여자들을 모두 죽였다는 충격적인 고백을 담담히 털어 놓는 영민에 의해 경찰서는 발칵 뒤집어 진다. 우왕좌왕하는 경찰들 앞에서 미진은 아직 살아 있을 거라며 태연하게 미소 짓는 영민. 그러나 영민을 잡아둘 수 있는 증거는 아무것도 없다. 공세우기에 혈안이 된 경찰은 미진의 생사보다는 증거를 찾기에만 급급해 하고, 미진이 살아 있다고 믿는 단 한 사람 중호는 미진을 찾아 나서는데……"
57,92075,어바웃 타임,About Time,2013,123분,리차드 커티스,9.16,https://movie-phinf.pstatic.net/20131115_243/1384498185621awKv1_JPEG/movie_image.jpg,"모태솔로 팀(돔놀 글리슨)은 성인이 된 날, 아버지(빌 나이)로부터 놀랄만한 가문의 비밀을 듣게 된다.  바로 시간을 되돌릴 수 있는 능력이 있다는 것!  그것이 비록 히틀러를 죽이거나 여신과 뜨거운 사랑을 할 수는 없지만,  여자친구는 만들어 줄 순 있으리..     꿈을 위해 런던으로 간 팀은 우연히 만난 사랑스러운 여인 메리에게 첫눈에 반하게 된다.  그녀의 사랑을 얻기 위해 자신의 특별한 능력을 마음껏 발휘하는 팀.  어설픈 대시, 어색한 웃음은 리와인드! 뜨거웠던 밤은 더욱 뜨겁게 리플레이!  꿈에 그리던 그녀와 매일매일 최고의 순간을 보낸다.     하지만 그와 그녀의 사랑이 완벽해질수록 팀을 둘러싼 주변 상황들은 미묘하게 엇갈리고,  예상치 못한 사건들이 여기저기 나타나기 시작하는데…     어떠한 순간을 다시 살게 된다면, 과연 완벽한 사랑을 이룰 수 있을까?"
58,149236,데드풀 2,Deadpool 2,2018,117분,데이빗 레이치,8.69,https://movie-phinf.pstatic.net/20180510_219/1525934615322rulbv_JPEG/movie_image.jpg,"암치료를 위한 비밀 실험에 참여한 후, 강력한 힐링팩터 능력을 지닌 슈퍼히어로 데드풀로 거듭난 웨이드 윌슨(라이언 레놀즈), 운명의 여자친구 바네사(모레나 바카린)와 행복한 미래를 꿈꾸지만 다시 나락으로 떨어지고, 밑바닥까지 내려간 데드풀은 더 나은 사람이 되기로 결심한다.  어느 날, 미래에서 시간 여행이 가능한 용병 케이블(조슈 브롤린)이 찾아 오면서 새로운 사건이 발생하고 데드풀은 생각지도 못한 기상천외 패밀리를 결성하게 되는데..."
59,45290,인터스텔라,Interstellar,2014,169분,크리스토퍼 놀란,9.09,https://movie-phinf.pstatic.net/20160106_138/1452044846608eaFcJ_JPEG/movie_image.jpg,"세계 각국의 정부와 경제가 완전히 붕괴된 미래가 다가온다.  지난 20세기에 범한 잘못이 전 세계적인 식량 부족을 불러왔고, NASA도 해체되었다.  이때 시공간에 불가사의한 틈이 열리고, 남은 자들에게는 이 곳을 탐험해 인류를 구해야 하는 임무가 지워진다. 사랑하는 가족들을 뒤로 한 채 인류라는 더 큰 가족을 위해, 그들은 이제 희망을 찾아 우주로 간다. 그리고 우린 답을 찾을 것이다. 늘 그랬듯이…"
60,143435,옥자,Okja,2017,120분,봉준호,8.45,https://movie-phinf.pstatic.net/20170904_126/1504516484057JACUa_JPEG/movie_image.jpg,"강원도 산골 소녀 ‘미자’(안서현)에게 옥자는 10년 간 함께 자란 둘도 없는 친구이자 소중한 가족이다. 자연 속에서 평화롭게 지내던 어느 날, 글로벌 기업 ‘미란도’가 나타나 갑자기 옥자를 뉴욕으로 끌고가고, 할아버지(변희봉)의 만류에도 미자는 무작정 옥자를 구하기 위해 위험천만한 여정에 나선다.  극비리에 옥자를 활용한 ‘슈퍼돼지 프로젝트’를 추진 중인 ‘미란도 코퍼레이션’의 CEO ‘루시 미란도’(틸다 스윈튼), 옥자를 이용해 제2의 전성기를 꿈꾸는 동물학자 ‘죠니’(제이크 질렌할), 옥자를 앞세워 또 다른 작전을 수행하려는 비밀 동물 보호 단체 ALF까지. 각자의 이권을 둘러싸고 옥자를 차지하려는 탐욕스러운 세상에 맞서, 옥자를 구출하려는 미자의 여정은 더욱 험난해져 간다."
61,121788,내부자들,Inside Men,2015,130분,우민호,8.99,https://movie-phinf.pstatic.net/20151021_172/14453964781624mCqX_JPEG/movie_image.jpg,"“복수극으로 가자고, 화끈하게” 유력한 대통령 후보와 재벌 회장, 그들을 돕는 정치깡패 안상구(이병헌). 뒷거래의 판을 짠 이는 대한민국 여론을 움직이는 유명 논설주간 이강희(백윤식)다. 더 큰 성공을 원한 안상구는 이들의 비자금 파일로 거래를 준비하다 발각되고, 이 일로 폐인이 되어 버려진다.   “넌 복수를 원하고, 난 정의를 원한다. 그림 좋잖아?” 빽 없고 족보가 없어 늘 승진을 눈 앞에 두고 주저 앉는 검사 우장훈(조승우). 마침내 대선을 앞둔 대대적인 비자금 조사의 저격수가 되는 기회를 잡는다. 그러나 비자금 파일을 가로챈 안상구 때문에 수사는 종결되고, 우장훈은 책임을 떠안고 좌천된다.   자신을 폐인으로 만든 일당에게 복수를 계획하는 정치깡패 안상구 비자금 파일과 안상구라는 존재를 이용해 성공하고 싶은 무족보 검사 우장훈 그리고 비자금 스캔들을 덮어야 하는 대통령 후보와 재벌, 그들의 설계자 이강희   과연 살아남는 자는 누가 될 것인가?"
62,62586,다크 나이트,The Dark Knight,2008,152분,크리스토퍼 놀란,9.33,https://movie-phinf.pstatic.net/20170608_209/1496886337035SDPLy_JPEG/movie_image.jpg,"정의로운 지방 검사 ‘하비 덴트’, ‘짐 고든’ 반장과 함께 범죄 소탕 작전을 펼치며 범죄와 부패로 들끓는 고담시를 지켜나가는 ‘배트맨’  그러던 어느 날, 살아남기 위해 발버둥치던 범죄 조직은 배트맨을 제거하기 위해 광기어린 악당 ‘조커’를 끌어들이고 정체를 알 수 없는 조커의 등장에 고담시 전체가 깊은 혼돈 속으로 빠져든다.  급기야 배트맨을 향한 강한 집착을 드러낸 조커는 그가 시민들 앞에 정체를 밝힐 때까지 매일 새로운 사람들을 죽이겠다 선포하고 배트맨은 사상 최악의 악당 조커를 막기 위해 자신의 모든 것을 내던진 마지막 대결을 준비한다."
63,88669,"그 시절, 우리가 좋아했던 소녀","那些年，我們一起追的女孩,  You Are the Apple of My Eye",2011,107분,구파도,9.01,https://movie-phinf.pstatic.net/20161221_27/14822865238258AEc1_JPEG/movie_image.jpg,"이제 막 17살이 된 나, 커징텅(가진동)은 시도 때도 없이 서 있는 ‘발기’ 쉬보춘과 어떤 이야기건 꼭 등장하는 ‘뚱보’ 아허, 세상에서 자신이 가장 잘 생겼다고 생각하는 ‘머저리’ 라오차오, 재미 없는 유머로 여자들을 꼬시려는 ‘사타구니’ 랴오잉홍이라는 친구들이 있다. 고등학교에서도 같은 반이 된 친구들과의 유일한 공통점은 최고의 모범생 션자이(진연희)를 좋아한다는 것! 어느 날, 커징텅은 여느 때처럼 교실에서 사고를 친 덕분에 션자이에게 특별 감시를 받게 되고 이를 계기로 모범생과 문제아 사이 백 만년만큼의 거리가 점점 좁혀지는 듯 했다. 하지만 마음과 달리 잘해보려는 일도 자꾸만 어긋나고, 커징텅과는 달리 친구들은 션자이의 사랑을 얻기 위해 아낌없이 표현하고 경쟁한다. 게다가 애써 한 고백에 션자이는 대답하지 않는다. 그리고 15년 후 다시 만난 션자이는…   32살의 내가 17살 나에게 보내는 고백, 그 시절 너는 반짝반짝 빛이 났었다!"
64,47370,그래비티,Gravity,2013,90분,알폰소 쿠아론,8.28,https://movie-phinf.pstatic.net/20180730_174/1532928914986hAmrh_JPEG/movie_image.jpg,허블 우주망원경을 수리하기 위해 우주를 탐사하던 라이언 스톤 박사는 폭파된 인공위성의 잔해와 부딪히면서 소리도 산소도 없는 우주 한 가운데에 홀로 남겨지는데…
65,122489,정글북,The Jungle Book,2016,106분,존 파브로,8.45,https://movie-phinf.pstatic.net/20160609_93/1465446776494CHJwQ_JPEG/movie_image.jpg,"늑대에게 키워진 ‘인간의 아이’ 모글리는 정글의 무법자 쉬어칸의 위협을 받고 유일한 안식처였던 정글이 더 이상 그에게 허락되지 않는 위험한 장소가 된 것을 깨닫고, 모두의 생존을 위해 정글을 떠나야만 한다. 정글을 떠나는 여정은 끝없는 위협으로 가득 차 있고, 쉬어칸 역시 그를 바짝 쫓는데…"
66,91031,신세계,New World,2012,134분,박훈정,8.91,https://movie-phinf.pstatic.net/20130206_29/13601146693401seof_JPEG/movie_image.jpg,"""너, 나하고 일 하나 같이 하자"" 경찰청 수사 기획과 강과장(최민식)은 국내 최대 범죄 조직인 '골드문'이 기업형 조직으로 그 세력이 점점 확장되자 신입경찰 이자성(이정재)에게 잠입 수사를 명한다. 그리고 8년, 자성은 골드문의 2인자이자 그룹 실세인 정청(황정민)의 오른팔이 되기에 이른다.  ""우리 브라더는 그냥 딱, 이 형님만 믿으면 돼야!"" 골드문 회장이 갑자기 사망하자, 강과장(최민식)은 후계자 결정에 직접 개입하는 '신세계' 작전을 설계한다. 피도 눈물도 없는 후계자 전쟁의 한 가운데, 정청(황정민)은 8년 전, 고향 여수에서 처음 만나 지금까지 친형제처럼 모든 순간을 함께 해 온 자성(이정재)에게 더욱 강한 신뢰를 보낸다.  ""약속 했잖습니까... 이번엔 진짜 끝이라고"" 한편, 작전의 성공만 생각하는 강과장(최민식)은 계속해서 자성(이정재)의 목을 조여만 간다. 시시각각 신분이 노출될 위기에 처한 자성(이정재)은 언제 자신을 배신할 지 모르는 경찰과, 형제의 의리로 대하는 정청(황정민) 사이에서 갈등하게 되는데…"
67,146480,덩케르크,Dunkirk,2017,106분,크리스토퍼 놀란,8.29,https://movie-phinf.pstatic.net/20170712_245/149982527853229Stz_JPEG/movie_image.jpg,"해변: 보이지 않는 적에게 포위된 채 어디서 총알이 날아올지 모르는 위기의 일주일 바다: 군인들의 탈출을 돕기 위해 배를 몰고 덩케르크로 항해하는 하루 하늘: 적의 전투기를 공격해 추락시키는 임무, 남은 연료로 비행이 가능한 한 시간  “우리는 해변에서 싸울 것이다. 우리는 상륙지에서 싸울 것이다. 우리는 들판에서 싸우고 시가에서도 싸울 것이다. 우리는 끝까지 싸울 것이다”"
68,88426,건축학개론,Architecture 101,2012,118분,이용주,8.66,https://movie-phinf.pstatic.net/20120227_164/1330332687398PQ1U3_JPEG/movie_image.jpg,"생기 넘치지만 숫기 없던 스무 살, 건축학과 승민은 '건축학개론' 수업에서 처음 만난 음대생 서연에게 반한다. 함께 숙제를 하게 되면서 차츰 마음을 열고 친해지지만, 자신의 마음을 표현하는 데 서툰 순진한 승민은 입 밖에 낼 수 없었던 고백을 마음 속에 품은 채 작은 오해로 인해 서연과 멀어지게 된다.  어쩌면 다시…사랑할 수 있을까? 15년 만에 그녀를 다시 만났다 서른 다섯의 건축가가 된 승민 앞에 15년 만에 불쑥 나타난 서연. 당황스러움을 감추지 못하는 승민에게 서연은 자신을 위한 집을 설계해달라고 한다. 자신의 이름을 건 첫 작품으로 서연의 집을 짓게 된 승민, 함께 집을 완성해 가는 동안 어쩌면 사랑이었을지 모를 그때의 기억이 되살아나 두 사람 사이에 새로운 감정이 쌓이기 시작하는데…"
69,52515,인셉션,Inception,2010,147분,크리스토퍼 놀란,9.22,https://movie-phinf.pstatic.net/20111223_295/13246175218167Mp6y_JPEG/movie_image.jpg,"드림머신이라는 기계로 타인의 꿈과 접속해 생각을 빼낼 수 있는 미래사회. ‘돔 코브’(레오나르도 디카프리오)는 생각을 지키는 특수보안요원이면서 또한 최고의 실력으로 생각을 훔치는 도둑이다. 우연한 사고로 국제적인 수배자가 된 그는 기업간의 전쟁 덕에 모든 것을 되찾을 수 있는 기회를 얻게 된다. 하지만 임무는 머릿속의 정보를 훔쳐내는 것이 아니라, 반대로 머릿속에 정보를 입력시켜야 하는 것! 그는 ‘인셉션’이라 불리는 이 작전을 성공시키기 위해 최강의 팀을 조직한다. 불가능에 가까운 게임, 하지만 반드시 이겨야만 한다!"
70,66464,벼랑 위의 포뇨,"崖の上のポニョ,  Ponyo On The Cliff",2008,100분,미야자키 하야오,8.21,https://movie-phinf.pstatic.net/20111222_95/1324534697829dzdrz_JPEG/movie_image.jpg,"호기심 많은 물고기 소녀 ‘포뇨’는 따분한 바다 생활에 싫증을 느끼고, 급기야 아빠 몰래 늘 동경하던 육지로 가출을 감행한다. 해파리를 타고 육지로 올라온 ‘포뇨’는 그물에 휩쓸려 유리병 속에 갇히는 위기에 처하게 되고 때마침 해변가에 놀러 나온 소년 ‘소스케’의 도움으로 구출된다.  ‘소스케’와의 즐거운 육지 생활도 잠시, 인간의 모습을 포기하고 바다의 주인이 된 아빠 ‘후지모토’에 의해 결국 ‘포뇨’는 바다로 다시 돌아간다. 하지만 여동생들의 도움으로 탈출에 성공한 ‘포뇨’는 소녀의 모습으로 변해 거대한 파도와 함께 ‘소스케’에게로 향하는데… 과연 포뇨는 어려움을 뚫고 소스케를 다시 만날 수 있을 것인가?"
71,66440,슬럼독 밀리어네어,Slumdog Millionaire,2008,120분,대니 보일,8.83,https://movie-phinf.pstatic.net/20171208_140/15126947509749Ijv5_JPEG/movie_image.jpg,"자말 말릭은 퀴즈쇼에서 상금 6억원이 걸려있는 최종 단계에 왔다. 어떻게 가능했을까?  A: 속임수로 / B: 운이 좋아서 / C: 천재라서 / D: 영화 속 얘기니깐(It is written)   2006년, 뭄베이. 빈민가 출신의 18살 고아 자말은 거액의 상금이 걸려있는 ‘누가 백만장자가 되고 싶은가’라는 최고 인기 퀴즈쇼에 참가한다. 처음 모두에게 무시당하던 자말은 예상을 깨고 최종 라운드에 오르게 되고, 정규 교육도 제대로 받지 못한 그의 부정행위를 의심한 경찰은 자말을 사기죄로 체포한다. 하지만, 결국 자말이 살아온 모든 순간이 정답을 맞출 수 있는 실마리였다는 것과, 그가 퀴즈쇼에 출연한 진짜 목적이 밝혀지게 되는데…"
72,34501,실미도,Silmido,2003,135분,강우석,8.53,https://movie-phinf.pstatic.net/20111222_50/1324503591769RwYSb_JPEG/movie_image.jpg,"{영화 <실미도>는 1968년 창설된 ‘실미도 684부대’에 관한 영화이며, 영화 속 훈련병들의 출신 성분이나 상황 설정이 과거 혹은 현재의 북파공작부대나 북파공작원과는 무관함을 알려드립니다.}  북으로 간 아버지 때문에 연좌제에 걸려 사회 어느 곳에서도 인간대접 받을 수 없었던 강인찬(설경구 분) 역시 어두운 과거와 함께 뒷골목을 전전하다가 살인미수로 수감된다. 그런  그 앞에 한 군인이 접근, '나라를 위해 칼을 잡을 수 있겠냐'는 엉뚱한 제안을 던지곤 그저 살인미수일 뿐인 그에게 사형을 언도하는데... 누군가에게 이끌려 사형장으로 향하던 인찬, 그러나 그가 도착한 곳은 인천 외딴 부둣가, 그곳엔 인찬 말고도 상필(정재영 분), 찬석(강성진 분), 원희(임원희 분), 근재(강신일 분) 등 시꺼먼 사내들이 잔뜩 모여 있었고 그렇게 1968년 대한민국 서부 외딴 섬 '실미도'에 기관원에 의해 강제차출된 31명이 모인다.  영문 모르고 머리를 깎고 군인이 된 31명의 훈련병들, 그들에게 나타난 의문의 군인은 바로 김재현 준위(안성기 분), 어리둥절한 그들에게 ""주석궁에 침투, 김일성 목을 따 오는 것이 너희들의 임무다""는 한 마디를 시작으로 냉철한 조중사(허준호 분)의 인솔하에 31명 훈련병에 대한 혹독한 지옥훈련이 시작된다.  '684 주석궁폭파부대'라 불리는 계급도 소속도 없는 훈련병과 그들의 감시와 훈련을 맡은 기간병들... ""낙오자는 죽인다, 체포되면 자폭하라!""는 구호하에 실미도엔 인간은 없고 '김일성 모가지 따기'라는 분명한 목적만이 존재해간다.  {조국의 부름에 목숨을 걸고 응답한 청년 기간병들과 분단 조국이 내몰았던 사지의 땅에서 자기 자리를 찾기 위해 울부짖으며 죽어간 서른 한 명 훈련병들의 영혼 앞에 이 영화를 바칩니다}"
73,38899,노트북,The Notebook,2004,123분,닉 카사베츠,9.04,https://movie-phinf.pstatic.net/20161021_141/1477036254541C87m1_JPEG/movie_image.jpg,"17살, ‘노아’는 밝고 순수한 ‘앨리’를 보고 첫눈에 반한다.  빠른 속도로 서로에게 빠져드는 둘. 그러나 이들 앞에 놓인 장벽에 막혀 이별하게 된다.   24살, ‘앨리’는 우연히 신문에서 ‘노아’의 소식을 접하고  잊을 수 없는 첫사랑 앞에서  다시 한 번 선택의 기로에 서게 되는데…   열일곱의 설렘, 스물넷의 아픈 기억, 그리고 마지막까지…  한 사람을 지극히 사랑했으니 내 인생은 성공한 인생입니다"
74,118955,월요일이 사라졌다,What Happened to Monday?,2017,123분,토미 위르콜라,8.33,https://movie-phinf.pstatic.net/20180129_126/1517205484221qUvjL_JPEG/movie_image.jpg,"이들을 몰래 키우기로 결심한 외할아버지 ‘테렌스 셋맨’(윌렘 대포)은 먼데이, 튜즈데이, 웬즈데이, 써스데이, 프라이데이, 새터데이, 선데이라는 이름을 지어주고 쌍둥이들이 발각되지 않고 모두 살아 남을 수 있도록 엄격한 규칙을 만든다.  첫째. ‘카렌 셋맨’이라는 하나의 이름으로 살 것. 둘째. 자신의 이름과 같은 요일에만 외출할 것. 셋째. 외출해서 한 일은 모두에게 공유할 것.    어느 월요일 저녁, 평소처럼 출근했던 ‘먼데이’가 연락도 없이 사라지고 정부의 비밀 조직이 이들의 은신처에 갑자기 들이닥치는데…  더 이상 하나의 이름 뒤에 숨어있을 수 없는 일곱 쌍둥이들의  목숨을 건 팀플레이 액션이 시작된다!"
75,152656,쥬만지: 새로운 세계,Jumanji: Welcome to the Jungle,2017,118분,제이크 캐스단,7.9,https://movie-phinf.pstatic.net/20171127_196/1511757905894vduNA_JPEG/movie_image.jpg,"학교 창고를 청소하다가 낡은 ‘쥬만지’ 비디오 게임을 발견한 네 명의 아이들. 게임 버튼을 누르는 순간 화면 속으로 빨려 들어가버렸다!  거대한 몸집의 고고학자 닥터 브레이브스톤(드웨인 존슨)으로 변한 공부벌레 스펜서, 슈퍼 여전사 루비 라운드하우스(카렌 길런)가 된 운동신경 제로 마사, 저질체력의 동물학 전문가 무스 핀바(케빈 하트)가 된 예비 풋볼선수 프리지, 중년의 지도 연구학 교수 셸리 오베론(잭 블랙)으로 변해버린 SNS 중독 퀸카 베서니까지.  게임 안에서 주어진 목숨의 기회는 단 세 번뿐!  이들은 자신의 아바타가 가진 능력으로 게임 속 세계를 구해야만 현실로 돌아갈 수 있는데…"
76,51282,용의자 X의 헌신,容疑者Xの獻身,2008,128분,니시타니 히로시,8.67,https://movie-phinf.pstatic.net/20111222_167/1324555404727AvIlI_JPEG/movie_image.jpg,"어느 날 형체를 알아볼 수 없는 남자의 시신이 발견된다. 사망자가 ‘토가시 신지’임이 판명되자, 그의 행적을 조사한 ‘우츠미’ 형사는 사건의 강력한 용의자로 전처 ‘야스코’를 지목한다. 하지만 그녀의 완벽한 알리바이에 수사의 한계에 부딪힌 우츠미는 천재 탐정 ‘갈릴레오’라 불리는 물리학자 ‘유카와’ 교수를 찾아가 도움을 요청한다. 사건의 전말을 확인한 유카와는 용의자의 옆집에 사는 남자가 대학시절 유일하게 수학 천재로 인정했던 동창 ‘이시가미’란 사실에 그가 야스코의 뒤에서 알리바이를 조작하고 있음을 직감한다. 그리고 이시가미와 접촉하며 의미심장한 말을 건넨다. “풀 수 없는 문제를 만드는 것과 그 문제를 푸는 것 중 어느 것이 더 어려울까? 단 정답은 반드시 있어.” 서서히 드러나는 천재 수학자의 치밀하고 완벽한 알리바이의 실체. 그리고 그 속에 숨겨진 한 남자의 뜨거운 헌신이 밝혀진다!"
77,52515,인셉션,Inception,2010,147분,크리스토퍼 놀란,9.22,https://movie-phinf.pstatic.net/20111223_295/13246175218167Mp6y_JPEG/movie_image.jpg,"드림머신이라는 기계로 타인의 꿈과 접속해 생각을 빼낼 수 있는 미래사회. ‘돔 코브’(레오나르도 디카프리오)는 생각을 지키는 특수보안요원이면서 또한 최고의 실력으로 생각을 훔치는 도둑이다. 우연한 사고로 국제적인 수배자가 된 그는 기업간의 전쟁 덕에 모든 것을 되찾을 수 있는 기회를 얻게 된다. 하지만 임무는 머릿속의 정보를 훔쳐내는 것이 아니라, 반대로 머릿속에 정보를 입력시켜야 하는 것! 그는 ‘인셉션’이라 불리는 이 작전을 성공시키기 위해 최강의 팀을 조직한다. 불가능에 가까운 게임, 하지만 반드시 이겨야만 한다!"
78,39440,이프 온리,If Only,2004,96분,길 정거,9.07,https://movie-phinf.pstatic.net/20171121_75/1511230561589Rvq85_JPEG/movie_image.jpg,"눈앞에서 사랑하는 연인을 잃은 남자는 다음 날 아침, 자신의 옆에서 자고 있는 연인을 보고 소스라치게 놀란다.  기쁨도 잠시, 정해진 운명은 바꿀 수 없단 것을 깨달은 그는 더 늦기 전에 자신의 진정한 사랑을 전하기로 마음먹는데…  네가 아니었다면 난 영영 사랑을 몰랐을 거야 사랑하는 법을 알게 해줘서 고마워, 사랑받는 법도."
79,136869,컨택트,Arrival,2016,116분,드니 빌뇌브,8.2,https://movie-phinf.pstatic.net/20170126_165/1485396001082SL5mI_JPEG/movie_image.jpg,"12개의 외계 비행 물체(쉘)가 미국, 중국, 러시아를 비롯한 세계 각지 상공에 등장했다. 웨버 대령(포레스트 휘태커)은 언어학 전문가 루이스 뱅크스 박사(에이미 아담스)와 과학자 이안 도넬리(제레미 레너)를 통해 외계 비행 물체(쉘) 접촉하기 시작한다. 두 사람은 18시간마다 아래쪽에서 문이 열리는 외계 비행 물체(쉘) 내부로 진입해 정체 모를 생명체와 마주하게 되고, 이들은 15시간 내 그들이 지구에 온 이유를 밝혀내야 하는데..."
80,163788,알라딘,Aladdin,2019,128분,가이 리치,9.38,https://movie-phinf.pstatic.net/20190524_104/1558663170174Q2mmw_JPEG/movie_image.jpg,"머나먼 사막 속 신비의 아그라바 왕국의 시대. 좀도둑 ‘알라딘’은 마법사 ‘자파’의 의뢰로 마법 램프를 찾아 나섰다가 주인에게 세 가지 소원을 들어주는 지니를 만나게 되고, 자스민 공주의 마음을 얻으려다 생각도 못했던 모험에 휘말리게 되는데…"
81,17170,레옹,Leon,1994,132분,뤽 베송,9.37,https://movie-phinf.pstatic.net/20180614_21/1528939162378wtwMm_JPEG/movie_image.jpg,"한 손엔 우유 2팩이 든 가방, 다른 한 손엔 화분을 들고 뿌리 없이 떠도는 킬러 레옹은 어느 날 옆집 소녀 마틸다의 일가족이 몰살 당하는 것을 목격한다. 그 사이 심부름을 갔다 돌아 온 마틸다는 가족들이 처참히 몰살 당하자 레옹에게 도움을 청한다. 가족의 원수를 갚기 위해 킬러가 되기로 결심한 12세 소녀 마틸다는 레옹에게 글을 알려주는 대신 복수하는 법을 배우게 된다. 드디어 그녀는 가족을 죽인 사람이 부패 마약 경찰 스탠스임을 알게 되고, 그의 숙소로 향하게 되는데…"
82,109905,분노의 질주: 더 세븐,Fast & Furious 7,2015,138분,제임스 완,9.11,https://movie-phinf.pstatic.net/20150327_289/1427423961867dqf2C_JPEG/movie_image.jpg,"거대 범죄 조직을 소탕한 뒤 전과를 사면 받고, 평범한 일상을 되찾은 도미닉(빈 디젤)과 멤버들. 하지만 평화도 잠시, 한(성 강)의 갑작스러운 죽음에 이어, 도미닉의 집이 순식간에 폭파당한다. 그들을 차례대로 제거하려는 최악의 상대 데카드 쇼(제이슨 스타뎀)의 등장으로 도미닉은 다시 한 번 역대 최강의 멤버들을 불러모아 숨막히는 반격을 결심하는데…"
83,38444,이터널 선샤인,Eternal Sunshine Of The Spotless Mind,2004,107분,미셸 공드리,9.11,https://movie-phinf.pstatic.net/20150922_4/14429125602616zXzR_JPEG/movie_image.jpg,"조엘은 아픈 기억만을 지워준다는 라쿠나사를 찾아가 헤어진 연인 클레멘타인의 기억을 지우기로 결심한다. 기억이 사라져 갈수록 조엘은 사랑이 시작되던 순간, 행복한 기억들, 가슴 속에 각인된 추억들을 지우기 싫어지기만 하는데... 당신을 지우면 이 아픔도 사라질까요? 사랑은 그렇게 다시 기억된다."
84,62266,아바타,Avatar,2009,162분,제임스 카메론,9.07,https://movie-phinf.pstatic.net/20180518_218/1526609377997LxLgL_JPEG/movie_image.jpg,"지구 에너지 고갈 문제를 해결하기 위해 판도라 행성으로 향한 인류는 원주민 ‘나비족’과 대립하게 된다. 이 과정에서, 전직 해병대원 제이크 설리(샘 워싱턴)가 ‘아바타’ 프로그램을 통해 ‘나비족’의 중심부에 투입되는데…  피할 수 없는 전쟁! 이 모든 운명을 손에 쥔 제이크! 그 누구도 넘보지 못한 역대급 세계가 열린다!  아바타: 인간과 ‘나비족’의 DNA를 결합해 만들어졌으며 링크룸을 통해 인간의 의식으로 원격 조종할 수 있는 새로운 생명체"
85,129049,마션,The Martian,2015,144분,리들리 스콧,8.42,https://movie-phinf.pstatic.net/20151014_112/1444802557577pCaPD_JPEG/movie_image.jpg,"NASA 아레스3탐사대는 화성을 탐사하던 중 모래폭풍을 만나고 팀원 마크 와트니가 사망했다고 판단, 그를 남기고 떠난다. 극적으로 생존한 마크 와트니는 남은 식량과 기발한 재치로 화성에서 살아남을 방법을 찾으며 자신이 살아있음을 알리려 노력한다.   마침내, 자신이 살아있다는 사실을 지구에 알리게 된 마크 와트니   NASA는 총력을 기울여 마크 와트니를 구출하기 위해 노력하고, 아레스 3 탐사대 또한 그를 구출하기 위해 그들만의 방법을 찾게 되는데……    전세계가 바라는 마크 와트니의 지구 귀환! 그는 과연 살아 돌아올 수 있을 것인가?"
86,34522,캐치 미 이프 유 캔,Catch Me If You Can,2002,140분,스티븐 스필버그,9.19,https://movie-phinf.pstatic.net/20111223_268/1324578798861g8uPt_JPEG/movie_image.jpg,"전학 첫날 선생님으로 위장, 1주일 동안 전교생을 골탕먹인 당돌한 10대 프랭크(레오나르도 디카프리오 분) 부모의 이혼으로 무작정 가출한 프랭크는 본격적으로 남을 속이는 천재적 재능을 발휘하기 시작한다. 기자를 사칭해 항공사의 허점을 알아낸 프랭크. 그는 조종사로 위장, 모든 항공 노선에 무임승차는 물론 회사 수표를 위조해 전국 은행에서 140만 달러를 가로챈다.  하지만 꼬리가 길면 밟히는 법. 21년 경력의 FBI 최고의 요원 칼 핸러티가 프랭크의 뒤를 쫓고, 오랜 추적 끝에 드디어 혈혈단신 프랭크의 호텔방을 덮친 칼. 하지만 칼과 마주친 프랭크는 정부 비밀요원으로 둔갑, 증거물을 챙긴다며 위조수표를 챙겨 들고 여유롭게 빠져나온다. 뒤늦게 자신이 속았음을 깨달은 칼은 자존심 회복을 결심한다. 그리고 마침내 찾은 프랭크의 가족. 하지만 자신을 속인 프랭크가 겨우 17살의 고등학생이라는 사실에 또다시 칼의 자존심은 무너지고. 과연 칼은 프랭크를 잡을 수 있을까? 이들의 유쾌한 게임은 이제 시작이다."
87,47152,테이큰,Taken,2008,93분,피에르 모렐,9.21,https://movie-phinf.pstatic.net/20180420_42/1524201859401TdYU5_JPEG/movie_image.jpg,"파리로 여행을 떠난 딸 킴(매기 그레이스 분)이 아버지 브라이언(리암 니슨 분)과 통화를 하던 중 납치 당한다. 아무런 이유도 단서도 없다. 킴의 부서진 휴대전화에서 피터의 사진을 발견한 브라이언은 그를 미행하지만 결정적인 단서를 얻으려던 순간 피터는 죽고 만다. 유력한 조직원의 옷에 몰래 도청장치를 숨겨 넣는데 성공한 브라이언은 조직의 또 다른 근거지에 납치당한 여성들이 갇혀 있음을 알게 된다. 킴이 입고 있던 재킷을 가진 여자를 차에 태우고 거침없이 달리는 브라이언의 뒤를 수십 대의 차들이 뒤쫓고, 목숨을 건 사상 초유의 추격전이 벌어진다. 킴이 납치당하던 순간 휴대전화를 향해 소리쳤던 외모를 그대로 지닌 ‘놈’. 브라이언은 특수 요원 시절 익힌 잔혹한 기술을 동원해 결정적 단서를 얻고, 일생일대의 사투를 시작하는데..."
88,17773,비포 선라이즈,Before Sunrise,1995,100분,리처드 링클레이터,8.88,https://movie-phinf.pstatic.net/20160321_35/1458539467968n0lXa_JPEG/movie_image.jpg,"파리로 돌아가는 셀린과 비엔나로 향하는 제시. 기차 안에서 우연히 만난 그들은 짧은 시간에 서로에게 빠져든다. “나와 함께 비엔나에 내려요”  그림 같은 도시와 꿈같은 대화 속에서 발견한  서로를 향한 강한 이끌림은 풋풋한 사랑으로 물들어 간다.  밤새도록 계속된 그들의 사랑 이야기 끝에 해가 떠오르기 시작하고 그들은 헤어져야만 하는데…  단 하루, 사랑에 빠지기 충분한 시간 낭만적인 로맨스가 다시 피어오른다."
89,82473,캐리비안의 해적: 죽은 자는 말이 없다,Pirates of the Caribbean: Dead Men Tell No Tales,2017,129분,요아킴 뢰닝,8.29,https://movie-phinf.pstatic.net/20170524_114/14956017057093mlM5_JPEG/movie_image.jpg,"전설적인 해적 캡틴 ‘잭 스패로우’(조니 뎁)의 눈 앞에 죽음마저 집어삼킨 바다의 학살자  ‘살라자르’(하비에르 바르뎀)가 복수를 위해 찾아온다. 둘 사이에 숨겨진 엄청난 비밀···  잭은 자신과 동료들의 죽음에 맞서 살아남기 위해 사투를 시작하는데···  지금, 모든 것을 압도할 거대한 전투가 펼쳐진다!"
90,39841,괴물,The Host,2006,119분,봉준호,8.62,https://movie-phinf.pstatic.net/20111223_39/1324570929423jGaQ1_JPEG/movie_image.jpg,"햇살 가득한 평화로운 한강 둔치 아버지(변희봉)가 운영하는 한강 매점, 늘어지게 낮잠 자던 강두(송강호)는 잠결에 들리는 ‘아빠’라는 소리에 벌떡 일어난다. 올해 중학생이 된 딸 현서(고아성)가 잔뜩 화가 나있다. 꺼내놓기도 창피한 오래된 핸드폰과, 학부모 참관 수업에 술 냄새 풍기며 온 삼촌(박해일)때문이다. 강두는 고민 끝에 비밀리에 모아 온 동전이 가득 담긴 컵라면 그릇을 꺼내 보인다. 그러나 현서는 시큰둥할 뿐, 막 시작된 고모(배두나)의 전국체전 양궁경기에 몰두해 버린다.  그곳에서 괴물이 나타났다. 한강 둔치로 오징어 배달을 나간 강두, 우연히 웅성웅성 모여있는 사람들 속에서 특이한 광경을 목격하게 된다. 생전 보도 못한 무언가가 한강다리에 매달려 움직이는 것이다. 사람들은 마냥 신기해하며 핸드폰, 디카로 정신 없이 찍어댄다. 그러나 그것도 잠시… 정체를 알 수 없는 괴물은 둔치 위로 올라와 사람들을 거침없이 깔아뭉개고, 무차별로 물어뜯기 시작한다. 순식간에 아수라장으로 돌변하는 한강변. 강두도 뒤늦게 딸 현서를 데리고 정신 없이 도망가지만, 비명을 지르며 흩어지는 사람들 속에서, 꼭 잡았던 현서의 손을 놓치고 만다. 그 순간 괴물은 기다렸다는 듯이 현서를 낚아채 유유히 한강으로 사라진다.  어딘가에 있을 현서를 반드시 찾아야 한다. 갑작스런 괴물의 출현으로 한강은 모두 폐쇄되고, 도시 전체는 마비된다. 하루아침에 집과 생계, 그리고 가장 소중한 현서까지 모든 것을 잃게 된 강두 가족… 돈도 없고 빽도 없는 그들은 아무도 도와주지 않지만, 위험구역으로 선포된 한강 어딘가에 있을 현서를 찾아 나선다."
91,35901,살인의 추억,Memories Of Murder,2003,132분,봉준호,9.4,https://movie-phinf.pstatic.net/20111222_166/1324548172003mpyIa_JPEG/movie_image.jpg,"1986년 경기도. 젊은 여인이 무참히 강간, 살해당한 시체로 발견된다. 2개월 후, 비슷한 수법의 강간살인사건이 연이어 발생하면서 사건은 세간의 주목을 받기 시작하고, 일대는 연쇄살인이라는 생소한 범죄의 공포에 휩싸인다.  사건 발생지역에 특별수사본부가 설치되고, 수사본부는 구희봉 반장(변희봉 분)을 필두로 지역토박이 형사 박두만(송강호 분)과 조용구(김뢰하 분), 그리고 서울 시경에서 자원해 온 서태윤(김상경 분)이 배치된다. 육감으로 대표되는 박두만은 동네 양아치들을 족치며 자백을 강요하고, 서태윤은 사건 서류를 꼼꼼히 검토하며 사건의 실마리를 찾아가지만, 스타일이 다른 두 사람은 처음부터 팽팽한 신경전을 벌인다. 용의자가 검거되고 사건의 끝이 보일 듯 하더니, 매스컴이 몰려든 현장 검증에서 용의자가 범행 사실을 부인하면서 현장은 아수라장이 되고, 구반장은 파면 당한다.  수사진이 아연실색할 정도로 범인은 자신의 흔적을 남기지 않는다. 살해하거나 결박할 때도 모두 피해자가 착용했거나 사용하는 물품을 이용한다. 심지어 강간사 일 경우, 대부분 피살자의 몸에 떨어져 있기 마련인 범인의 음모 조차 단 하나도 발견되지 않는다. 후임으로 신동철 반장(송재호 분)이 부임하면서 수사는 활기를 띠기 시작한다. 박두만은 현장에 털 한 오라기 남기지 않는다는 점에 착안, 근처의 절과 목욕탕을 뒤지며 무모증인 사람을 찾아 나서고, 사건 파일을 검토하던 서태윤은 비오는 날, 빨간 옷을 입은 여자가 범행대상이라는 공통점을 밝혀낸다.  선제공격에 나선 형사들은 비오는 밤, 여경에게 빨간 옷을 입히고 함정 수사를 벌인다. 그러나 다음날 아침 돌아오는 것은 또다른 여인의 끔찍한 사체. 사건은 해결의 실마리를 다시 감추고 냄비처럼 들끊는 언론은 일선 형사들의 무능을 지적하면서 형사들을 더욱 강박증에 몰아넣는데."
92,154222,미션 임파서블: 폴아웃,Mission: Impossible - Fallout,2018,147분,크리스토퍼 맥쿼리,9.12,https://movie-phinf.pstatic.net/20180523_234/1527043720337JCQAP_JPEG/movie_image.jpg,"도난당한 핵무기를 되찾아 오는 위험천만한 작전 중, 에단 헌트(톰 크루즈)는 임무를 포기하고, 팀원의 목숨을 구하는 선택을 한다. 이제, 핵무기는 문명을 무너뜨리려는 사악한 테러조직의 손에 넘어갔다. 세계를 멸망시킬 핵 재앙을 막기 위해 세계 최강 스파이기관, IMF의 에단 헌트와 정예 요원들(사이먼 페크, 빙 라메스, 레베카 퍼거슨)은 숙명의 라이벌, 중앙정보국 CIA의 상급 요원(헨리 카빌)과 불편한 동맹을 맺어야만 한다. 이보다 더 불가능한 미션은 없었다! 역대 최대 규모, 최강 액션을 기대하라!"
93,107370,"러브, 로지","Love,  Rosie ",2014,102분,크리스티안 디터,7.66,https://movie-phinf.pstatic.net/20141111_237/14156857944313VYKS_JPEG/movie_image.jpg,"어릴 때부터 모든 것을 함께 겪어온 단짝 로지와 알렉스는 고등학교 졸업 후 영국의 작은 고향마을을 떠나 미국 보스턴의 대학에 함께 가기로 약속한다. 하지만 서로의 감정을 숨긴 채 각자 다른 파트너와 간 졸업파티에서 한 순간의 실수로 전혀 다른 삶을 살게 된 두 사람. 미국에서 계획대로 인생을 설계해 나가는 알렉스와 달리 로지는 꿈을 접은 채 고향인 영국의 호텔에서 일한다. 몇 년 후, 보고 싶다는 알렉스의 연락을 받은 로지는 다시 한번 희망을 품고 보스톤으로 향하지만 이미 알렉스의 옆에는 다른 여자가 서있는데…  끝없이 엇갈리는 12년의 사랑. 우리, 언제쯤 사랑인 걸 알까요?"
94,47229,트와일라잇,Twilight,2008,121분,캐서린 하드윅,7.88,https://movie-phinf.pstatic.net/20181114_127/15421634814664mCUO_JPEG/movie_image.jpg,"17세의 평범한 고등학생 소녀 ‘벨라’는 집안 사정으로  워싱턴 주 포크스에 있는 아빠의 집으로 이사를 온다.  전학 첫날, ‘벨라’는 냉담하지만 자신을 무장 해제시킬 정도로  잘생긴 ‘에드워드’와 마주치고, 전율과 두려움 넘치는 인생의 전환을 맞이한다.   ‘에드워드’와 돌이킬 수 없는 사랑에 빠져든 ‘벨라’.  하지만 ‘에드워드’와 그의 가족이 뱀파이어 일족이라는  사실을 알게 되고, 예기치 못한 운명에 빠져든다."
95,10016,나 홀로 집에,Home Alone,1990,105분,크리스 콜럼버스,9.4,https://movie-phinf.pstatic.net/20111222_256/1324527530062tFbqt_JPEG/movie_image.jpg,"크리스마스 시즌의 시카고. 말썽꾸러기라 집안 가족들로부터 욕을 듣고 따돌림 당하는 케빈은 늘 자신은 혼자 살거라면서 가족들이 모두 없어졌으면 좋겠다고 생각한다. 자기의 치즈 피자를 먹은 형과 싸워 소동을 일으키자 엄마는 케빈을 3층 다락방으로 올려보낸다. 케빈의 가족들과 케빈의 집에 온 손님들은 다음 날에 크리스마스 연휴를 이용해 프랑스의 친척 집으로 떠날 계획이었다.  그날 밤, 바람이 세차게 불어 전화선과 전기선이 끊긴다. 케빈의 가족들은 늦잠을 자게 되어 비행기 시간을 맞추기 위해 허둥대다가 그만 3층 다락방에서 잠이 든 케빈을 두고 떠난다. 잠에서 깬 케빈은 혼자 남은 것을 알고 하느님이 자신의 소원을 들어주었다고 기뻐한다. 비행기를 타고 가던 케빈의 어머니는 무엇인가 빠뜨린 기분에 고민하다가 케빈을 두고 왔음에 놀란다. 하지만 전화선이 불통이라, 어쩔 수 없다가 프랑스에 도착한 식구들은 목적지로 가고 엄마는 케빈이 걱정이 되어 집으로 돌아갈 비행기표를 사기 위해 안간힘을 쓰지만 연말연휴라 좌석이 없었다. 혼자 집에 남은 케빈은 형과 누나 방을 구경하면서 즐거워한다. 그리고 노래를 부르고 트리도 만들면서 자축한다. 그런데 빈집털이 2인조 도둑이 케빈의 집을 호시탐탐 노리고 있다는 것을 알게 되는데..."
96,57723,타짜,The War Of Flower,2006,139분,최동훈,9.16,https://movie-phinf.pstatic.net/20111223_57/13245799126671QMbI_JPEG/movie_image.jpg,"가구공장에서 일하며 남루한 삶을 사는 고니는 대학보다 가난을 벗어나게 해줄 돈이 우선인 열혈 천방지축 청년! 어느 날 고니는, 가구공장 한 켠에서 박무석 일행이 벌이는 화투판에 끼게 된다. 스무장의 화투로 벌이는 '섯다' 한 판! 하지만 고니는 그 판에서 삼년 동안 모아두었던 돈 전부를 날리고 만다. 그것이 전문도박꾼 타짜들이 짜고 친 판이었단 사실을 뒤늦게 안 고니는 박무석 일행을 찾아 나서고, 도박으로 시비가 붙은 한 창고에서 우연인 듯 필연처럼 전설의 타짜 평경장을 만난다. 그리고 잃었던 돈의 다섯 배를 따면 화투를 그만두겠단 약속을 하고, 그와 함께 본격적인 꽃싸움에 몸을 던지기 위한 동행길에 오른다.  드디어 타짜의 길로 들어선 고니! 평경장과 지방원정을 돌던 중 도박판의 꽃, 설계자 정마담을 소개 받고 둘은 서로에게서 범상치 않은 승부욕과 욕망의 기운을 느끼게 된다. 고니는 정마담이 미리 설계해 둔 판에서 큰 돈을 따게 되고, 결국 커져 가는 욕망을 이기지 못한 채 평경장과의 약속을 어기고 만다. 정마담과의 화려한 도박인생, 평경장과의 헤어짐을 택한 고니. 유유자적 기차에 오르는 평경장과 마지막 인사를 나눈 고니는 그 기차역에서 극악무도한 독종이자 죽음의 타짜란 아귀를 스치듯 만난다. 이후 고니는, 정마담의 술집에서 벌어진 한 화투판에서 요란스러운 입담으로 판을 흔드는 고광렬을 만나고, 경찰의 단속을 피하던 중 그와 함께 정마담을 떠나게 된다. 고광렬은 고니와는 달리 남들 버는 만큼만 따면 된다는 직장인 마인드의 인간미 넘치는 타짜! 둘은 환상의 호흡을 자랑하며 전국의 화투판을 휩쓴다.  함께 원정을 뛰며 나름의 도박인생을 꾸려가는 고니와 고광렬. 원정 중 우연히 들린 한 술집에서 고니는 술집주인 화란을 만나고 둘은 첫눈에 서로에게 끌리지만 한없이 떠도는 타짜의 인생에 사랑은 그리 쉬운 일이 아니다. 한편, 고니는 자신을 이 세계에 발 담그게 한 장본인 박무석과 그를 조종하는 인물 곽철용을 찾게 되고, 드디어 보기 좋게 한 판 복수에 성공한다. 하지만 곽철용의 수하는 복수가 낳은 복수를 위해 아귀에게 도움을 청하고, 아귀는 고니에게 애증을 가진 정마담을 미끼로 고니와 고광렬을 화투판으로 끌어들인다. 기차역에서 스쳤던 아귀를 기억해내며 그것이 '죽음의 한 판'이란 것을 느끼는 고니. 하지만 고니는 이를 거절하지 않는다. 고광렬의 만류도 뿌리친 채, 그리고 처음으로 평범한 삶을 꿈꾸게 한 여자 화란과의 사랑도 뒤로 한 채, 고니는 그렇게 죽음의 판이 펼쳐질 배에 스스로 오르는데....  물러설 곳 없는 꽃들의 전쟁..! 각자의 원한과 욕망, 그리고 덧없는 희망, 이 모든 것이 뒤엉킨 한 판이 시작된다..! ""겁날 것도, 억울할 것도 없다. 내가 아는 모든 사람이 그랬던 것처럼, 언젠가는 나도 다치거나 죽는다. 그게 타짜이니까..."""
97,77768,매드맥스: 분노의 도로,Mad Max: Fury Road,2015,120분,조지 밀러,8.78,https://movie-phinf.pstatic.net/20160106_226/1452044948668o9crf_JPEG/movie_image.jpg,"핵전쟁으로 멸망한 22세기. 얼마 남지 않은 물과 기름을 차지한 독재자 임모탄 조가 살아남은 인류를 지배한다.  한편, 아내와 딸을 잃고 살아남기 위해 사막을 떠돌던 맥스(톰 하디)는  임모탄의 부하들에게 납치되어 노예로 끌려가고, 폭정에 반발한 사령관 퓨리오사(샤를리즈 테론)는  인류 생존의 열쇠를 쥔 임모탄의 여인들을 탈취해 분노의 도로로 폭주한다.  이에 임모탄의 전사들과 신인류 눅스(니콜라스 홀트)는 맥스를 이끌고 퓨리오사의 뒤를 쫓는데...  끝내주는 날, 끝내주는 액션이 폭렬한다!"
98,130013,"님아, 그 강을 건너지 마오","My Love,  Don't Cross That River",2014,86분,진모영,9.23,https://movie-phinf.pstatic.net/20141103_255/1414988497460e1QB6_JPEG/movie_image.jpg,"89세 소녀감성 강계열 할머니, 98세 로맨티스트 조병만 할아버지 이들은 어딜 가든 고운 빛깔의 커플 한복을 입고 두 손을 꼭 잡고 걷는 노부부이다.  봄에는 꽃을 꺾어 서로의 머리에 꽂아주고, 여름엔 개울가에서 물장구를 치고, 가을엔 낙엽을 던지며 장난을 치고, 겨울에는 눈싸움을 하는 매일이 신혼 같은 백발의 노부부.  장성한 자녀들은 모두 도시로 떠나고 서로를 의지하며 살던 어느 날, 할아버지가 귀여워하던 강아지 ‘꼬마’가 갑자기 세상을 떠난다. 꼬마를 묻고 함께 집으로 돌아온 이후부터 할아버지의 기력은 점점 약해져 가는데…  비가 내리는 마당, 점점 더 잦아지는 할아버지의 기침소리를 듣던 할머니는 친구를 잃고 홀로 남은 강아지를 바라보며 머지 않아 다가올 또 다른 이별을 준비한다."
99,167651,극한직업,Extreme Job,2018,111분,이병헌,8.52,https://movie-phinf.pstatic.net/20190116_206/1547615429111dINWj_JPEG/movie_image.jpg,"불철주야 달리고 구르지만 실적은 바닥, 급기야 해체 위기를 맞는 마약반! 더 이상 물러설 곳이 없는 팀의 맏형 고반장은 국제 범죄조직의 국내 마약 밀반입 정황을 포착하고 장형사, 마형사, 영호, 재훈까지 4명의 팀원들과 함께 잠복 수사에 나선다. 마약반은 24시간 감시를 위해 범죄조직의 아지트 앞 치킨집을 인수해 위장 창업을 하게 되고, 뜻밖의 절대미각을 지닌 마형사의 숨은 재능으로 치킨집은 일약 맛집으로 입소문이 나기 시작한다. 수사는 뒷전, 치킨장사로 눈코 뜰 새 없이 바빠진 마약반에게 어느 날 절호의 기회가 찾아오는데…  범인을 잡을 것인가, 닭을 잡을 것인가!"
100,11119,사탄의 인형,Child's Play,1988,87분,톰 홀랜드,8.87,https://movie-phinf.pstatic.net/20111223_170/1324587913590iJlt4_JPEG/movie_image.jpg,"흉악 살인범 찰스 리 레이(브래드 듀리프 분)는 형사 마이크 노리스(크리스 서랜든 분)의 추격을 받으며 시카고의 와버쉬 거리 사이로 도주하고 있다. 공범인 에디 카푸토에게 버림받고 부상입은 레이는 닫혀진 장난감 가게로 뛰어든다. 뒤쫓아온 마이크가 쏜 총에 맞고 쓰러진 그는 배신한 친구 에디와 형사 마이크의 복수를 외치면서 '착한 애(Good Guys)' 인형에 매달려 주문을 외우자, 밖에서는 불길한 천둥과 폭풍이 몰아쳐면서 가게는 폭발한다.  백화점 점원으로 혼자서 어린 아들 앤디(알렉스 빈센트 분)을 키우고 있는 캐런(캐서린 힉스 분)은 아들의 생일 선물로 인형을 사다준다. 아들 앤디가 그렇게도 원하던 말하는 인형 척키(Chucky: 에드 게일 분)는, 어른들 앞에선 천진스런 인형이다가, 앤디하고만 있게 되면 살아나서 말도 하고 행동도 하며, 더 나아가서는 소름끼치는 살인의 향연을 벌이기 시작한다. 아무도 인형이 살인을 하리라곤 믿지않기 때문에, 의심의 화살은 앤디에게 쏟아지고, 앤디의 힙겹고 외로운 투쟁은 시작된다. 앤디가 척키에 대한 사실을 밝히려 애 쓸 수록, 그는 이상한 아이로 취급받아 결국 격리당해 정신과 의사의 관찰까지 받게된다. 그러나 캐런이 인형상자에 건전지가 그대로 있는 것을 발견하고, 척키가 건전지 없이 말하고 움직인 것을 알게되자, 척키는 본색을 드러내어 캐런을 공격하고 달아난다. 캐런의 말을 듣고도 믿지 않던 형사 마이크는, 척키의 복수로 거의 생명을 잃을 뻔 하고야, 그가 자기가 죽인 살인범 레이라는 걸 깨닫고, 캐런과 함께 그를 찾기 위해, 그에게 주술을 가르친 교주, 닥터 데쓰(레이몬드 올리버 분)를 찾아간다.  데쓰는 이미 척키의 칼에 맞아 죽어가면서, 빨리 아이를 구하라고 한다. 마이크의 총을 맞은 척키가 다시 살기 위해선, 자기의 실체를 맨처음 알게 된 인간의 몸으로 그 영혼이 들어가야 하기 때문이다. 집까지 앤디를 쫓아온 척키는 그를 때려눕히고, 그 몸에 손을 얹고 주문을 외우고, 또다시 하늘엔 천둥번개가 치기 시작한다. 아슬아슬하게 뒤쫓아 온 캐런과 마이크는 척키와 사투를 벌이다가 천신만고 끝에 총을 손에 쥐게 된다. 그의 머리, 팔, 다리가 떨어져나가도 그는 불사신처럼 다시 일어나서 쫓아온다. 유일한 약점인 심장을 맞고나서야 그는 인간처럼 피를 흘리며 쓰러진다. 엄마의 손에 이끌려 나가면서도 앤디는 척키에게서 불안한 눈길을 떼지 못한다."
101,32686,센과 치히로의 행방불명,"千と千尋の神隠し,  The Spiriting Away Of Sen And Chihiro",2001,126분,미야자키 하야오,9.38,https://movie-phinf.pstatic.net/20150113_96/1421113909808LPjqA_JPEG/movie_image.jpg,"금지된 세계의 문이 열렸다!   이사 가던 날, 수상한 터널을 지나자 인간에게는 금지된 신들의 세계로 오게 된 치히로.. 신들의 음식을 먹은 치히로의 부모님은 돼지로 변해버린다.    “걱정마, 내가 꼭 구해줄게…”  겁에 질린 치히로에게 다가온 정체불명의 소년 하쿠. 그의 따뜻한 말에 힘을 얻은 치히로는 인간 세계로 돌아가기 위해 사상 초유의 미션을 시작하는데…"
102,89755,레미제라블,Les Miserables,2012,158분,톰 후퍼,8.36,https://movie-phinf.pstatic.net/20130114_290/1358128162403GMaQx_JPEG/movie_image.jpg,"빵 한 조각을 훔친 죄로 19년의 감옥살이를 한 장발장(휴 잭맨). 전과자라는 이유만으로 모두의 박해를 받던 장발장은 우연히 만난 신부의 손길 아래 구원을 받고 새로운 삶을 결심한다. 정체를 숨기고 마들렌이라는 새 이름으로 가난한 이들을 도우며 지내던 장발장은 운명의 여인, 판틴(앤 해서웨이)과 마주치고, 죽음을 눈앞에 둔 판틴은 자신의 유일한 희망인 딸, 코제트(아만다 사이프리드)를 장발장에게 부탁한다. 그러나 코제트를 만나기도 전에 경감 자베르(러셀 크로우)는 장발장의 진짜 정체를 알아차리고, 오래된 누명으로 다시 체포된 장발장은 코제트를 찾아 탈옥을 감행하는데…"
103,50869,워낭소리,Old Partner,2008,75분,이충렬,8.67,https://movie-phinf.pstatic.net/20111222_229/1324561292259Popef_JPEG/movie_image.jpg,"평생 땅을 지키며 살아온 농부 최노인에겐 30년을 부려온 소 한 마리가 있다. 소의 수명은 보통 15년, 그런데 이 소의 나이는 무려 마흔 살. 살아 있다는 게 믿기지 않는 이 소는 최노인의 베스트 프렌드이며, 최고의 농기구이고, 유일한 자가용이다. 귀가 잘 안 들리는 최노인이지만 희미한 소의 워낭 소리도 귀신같이 듣고 한 쪽 다리가 불편하지만 소 먹일 풀을 베기 위해 매일 산을 오른다. 심지어 소에게 해가 갈까 논에 농약을 치지 않는 고집쟁이다. 소 역시 제대로 서지도 못 하면서 최노인이 고삐를 잡으면 산 같은 나뭇짐도 마다 않고 나른다. 무뚝뚝한 노인과 무덤덤한 소. 둘은 모두가 인정하는 환상의 친구다. 그러던 어느 봄, 최노인은 수의사에게 소가 올 해를 넘길 수 없을 거라는 선고를 듣는다."
104,73372,세 얼간이,3 Idiots,2009,141분,라지쿠마르 히라니,9.34,https://movie-phinf.pstatic.net/20161005_215/1475647328961ETC6k_JPEG/movie_image.jpg,"천재들만 간다는 일류 명문대 ICE, 성적과 취업만을 강요하는 학교를 발칵 뒤집어 놓은 대단한 녀석 란초! 아버지가 정해준 꿈, `공학자`가 되기 위해 정작 본인이 좋아하는 일은 포기하고 공부만하는 파파보이 파르한! 찢어지게 가난한 집, 병든 아버지와 식구들을 책임지기 위해 무조건 대기업에 취직해야만 하는 라주! 친구의 이름으로 뭉친 `세 얼간이`! 삐딱한 천재들의 진정한 꿈을 찾기 위한 세상 뒤집기 한판이 시작된다!"
105,92823,컨저링,The Conjuring,2013,112분,제임스 완,7.85,https://movie-phinf.pstatic.net/20130902_93/1378099837014UAvor_JPEG/movie_image.jpg,"1971년 로드 아일랜드, 해리스빌. 페론 가족은 꿈에 그리던 새 집으로 이사를 간다. 물론 1863년에 그 집에서 일어난 끔찍한 살인 사건을 전혀 몰랐다. 또한 그 이후에 일어난 많은 무서운 사건에 대해서도 알지 못했다. 이 가족은 그 집에서 겪은 일이 너무 무서워서 한 마디라도 외부에 언급하는 것을 거절했었다. 지금까지는…  [스페셜 영상 1] 영화 속 숨겨진 뒷이야기 (00:08:02)    [스페셜 영상 2] 악마의 생활 (00:15:38) 유명한 귀신연구자와 초자연적인것의 전문가 로렌 워렌과 함께하는 여행, 그녀가 주최하는 묘지투어와 수천개의 위험한 유물들이 모여있는 악마의 집, 오컬트 셀러를 방문한다     [스페셜 영상 3] 공포와 대면 (00:06:37) 그들이 대략 십년 동안 악마의 영혼과 같이 살았던 불가사의한 농가에서 페론 가족들은 되돌아 왔고 그들은 그 기억을 떠올릴 때마다 그 공포를 다시 체험한다."
106,63513,시간을 달리는 소녀,"時をかける少女,  The Girl Who Leapt Through Time",2006,97분,호소다 마모루,9.2,https://movie-phinf.pstatic.net/20181109_63/1541748837768AtSVU_JPEG/movie_image.jpg,"저 마코토에게는 남들에게 말 못할 비밀이 하나 있어요. 타임리프라고 하는 능력이죠.어느 날 우연히 그 능력을 가지게 됐어요.카즈야 이모 말에 따르면 내 또래 여학생들에게 자주 일어날 수 있는 일이라더군요.아무튼 그 능력 덕택에 학교 성적도 좋아지고,지각도 안하고 잦은 실수도 훨씬 줄어들었어요.세상 만사가 다 내 손안에 있는 느낌이었죠.친한 친구인 고스케와 치아키도 저의 변화가 싫지 않은 것 같아요. 매일 셋이서 야구놀이하며 즐거운 나날을 보낼 수 있을 것 같았죠. 그런데 느닷없이 치아키가 저에게 고백을 하는 거에요.""마코토, 나랑 사귀지 않을래?"" 전혀 남자로 보이지 않던 녀석인데 저는 깜짝 놀라고 말았어요. 어떻게든 그 고백을 없애기 위해 다시 과거로 돌아가 결국은 그 고백을 듣지 않게 되었어요. 하지만 과거로 돌아가면 돌아갈수록, 일이 점점 꼬여만 가요. 친구인 유리와 치아키가 연인 사이로 발전하는걸 지켜보려니 마음만 씁쓸하고, 고스케를 짝사랑하고 있던 후배 여학생의 고민상담까지 받은 저는 어떻게서든 두 사람을 이어주기 위해 과거에서 현재로 몇 번을 오갔는지 몰라요. 게다가 제가 당할 뻔한 사고를 대신 고스케가 당하는 불상사까지…타임리프로 사람의 마음을 내 멋대로 바꾼 벌을 받고 있나 봐요. 전 이제 어떡하면 좋을까요?"
107,106360,위대한 쇼맨,The Greatest Showman,2017,104분,마이클 그레이시,9.38,https://movie-phinf.pstatic.net/20171218_47/1513561221134wvRja_JPEG/movie_image.jpg,"쇼 비즈니스의 창시자이자, 꿈의 무대로 전세계를 매료시킨 남자 ‘바넘’의 이야기에서 영감을 받아 탄생한 오리지널 뮤지컬 영화 <위대한 쇼맨>. <레미제라블> 이후 다시 뮤지컬 영화로 돌아온 휴 잭맨부터 잭 에프론, 미셸 윌리엄스, 레베카 퍼거슨, 젠다야까지 할리우드 최고의 배우들이 합류해 환상적인 앙상블을 선보인다. 여기에 <미녀와 야수> 제작진과 <라라랜드> 작사팀의 합류로 더욱 풍성해진 비주얼과 스토리, 음악까지 선보일 <위대한 쇼맨>은 ‘우리는 누구나 특별하다’는 메시지로 관객들에게 재미는 물론, 감동까지 선사할 것이다.  THIS IS ME! 우리는 누구나 특별하다!"
108,52962,북극의 눈물,Tears In The Arctic,2008,86분,허태정,9.09,https://movie-phinf.pstatic.net/20111223_237/1324593858016bb724_JPEG/movie_image.jpg,"“한 번 사라지면 돌이킬 수 없는, 얼음은 우리들의 집”여름엔 해가 지지 않고 겨울엔 해가 뜨지 않는 곳. 북극에는 수 억년 동안 한번도 녹지 않은 얼음평원이 펼쳐져 있다. 그러나 무한할 것 같던 이 얼음도 해마다 높아지는 기온으로 인해 사라지고, 빠른 속도로 녹고 있는 빙하는 모든 것을 바꾸어 놓았다. “북극은 지금, 누구도 상상 못한 혹독한 시간을 보내고 있다” 지구상에서 가장 혹독한 생존환경이지만 저마다의 생활방식으로 북극을 지켜온 위대한 승리자, 얼음왕국의 모든 생명들이 생사의 기로에 서 있다. 풀과 나무 열매로 허기를 달래며 배고픔에 쓴 잠을 자는 ‘북극곰’, 녹아버린 빙하로 물웅덩이를 건너다 익사하는 ‘순록’, 빠른 속도로 녹고 있는 빙하 때문에 사냥을 포기하는 에스키모라고 불리는 최고의 사냥꾼 ‘이누이트’. “생사의 기로에서도 우리는 희망을 버리지 않는다”하루하루가 생존을 위한 전쟁이지만 그들은 오늘도 달콤해서 깨기 싫은 꿈을 꾼다. 이누이트는 바다의 유니콘 일각고래를 잡는 만선의 꿈을, 북극곰은 사라진 바다코끼리를 배불리 먹는 만찬의 꿈을, 순록은 북극의 푸르른 풀밭 툰드라를 가르며 대지에 다시 한번 활기를 불어넣는 방랑의 꿈을…. 사라지는 얼음과 함께 꿈은 부서졌지만, 북극의 생명들은 오늘도 활기차게 기지개를 켠다.  '세계 극지의 해'를 맞아 기후변화로 인해 벼랑 끝으로 몰려가고 있는 북극의 광대한 자연과 그 자연속의 원주민 이누이트의 삶을 통해 우리 코앞에 닥친 지구 온난화라는 대재앙의 경고를 보여준 TV 다큐멘터리. 2008년 12월 방영 당시 11.4%라는 다큐멘터리로서는 놀라운 시청률을 기록하며 큰 반향을 일으켰다.  북위 76도에 위치한지구 최북단 마을 까낙(Qaanaaq). 이 곳에서는 흔히 에스키모(Eskimo) 라고 불리는 북극사람들 '이누이트(Inuit)'들이 여전히 그들의 전통적인 생활 방식을 유지하며 살고 있다. 하지만 갑자기 따뜻해진 날씨 때문에 북극의 얼음은 빠르게 사라지고, 사냥이 삶의 기반이었던 이들의생존은 위협 받고 있다. 겨울은 점점 짧아지고, 긴 여름 동안 충분한 먹이를 구하지 못한 북극곰들 역시 50년 안에 멸종될 위기에 처해 있다. 북극의 사람과 동물 모두에게 닥친 위기, 그 마지막 기록이 광대한 자연을 배경으로 펼쳐진다. 온난화의 징후가 지구 곳곳에서 들려오고 있는 지금, 인류는 자신의 바로 앞까지 와 있는 대재앙의 경고를 얼마나 인식하고 있을까?  프로그래머 노트. 2008년 12월 방영되어 큰 화제를 몰았던 MBC 다큐멘터리의 극장판인 <북극의 눈물>은 현재 기후변화에 가장 크게 영향을 받고 있는 북극의 삶과 자연을 다루고 있다. 북극의 이누이트들과 동물들 모두에게 지구의 기후변화는 더 이상 미래가 아닌 현재이다. 또한 삶의 터전을 잃을 위기에 처한 이들의 모습은 멸종 위기에 처한 것이 야생 동식물만이 아니라 인류 전체의 미래일지도 모른다는 사실을 보여준다. 그래서 한국 다큐멘터리에서는 보기 힘들었던 북극의 광대한 자연과 멸종위기에 처한 동물들, 그리고 이누이트들의 전통적인 사냥방식을 놀라운 촬영기술로 보여주는 이 영화는 그 아름다운 장관에 감탄을 금치 못하게 만드는 동시에 그 곳에 사는 사람들과 동물들을 이제 더 이상 볼 수 없을 수도 있다는 안타까운 감정을 불러일으킨다. 북극의 위기와 기후변화에 관한 많은 다큐멘터리들이 전세계적으로 제작되어왔고 현재도 제작되고 있지만, 우리만의 관점으로 접근하는 환경영화는 드물었던 것이 사실이다. 그런 상황에서 <북극의 눈물>은 높은 영화적 완성도와 특유의 대중적 감수성으로 국내관객들이 어려운 환경문제에 보다 쉽게 다가갈 수 있는 계기를 마련해 지구 최대의 위기인 기후변화에 대한 인식을 더욱 높이고 있다. 그런 의미에서 이 영화는 제6회 서울환경영화제의 개막작으로 선정될 만한 충분한 가치가 있다고 하겠다. 특히 한층 더 짜임새 있는 편집과 내레이션으로 돌아온 극장판 <북극의 눈물>은 방송으로 이미 시청한 관객일지라도 분명 텔레비전과는 또 다른 감동을 받을 수 있을 것이다. 이 영화가 그 동안 환경문제를 다룬 국내 작품이 많지 않다는 사실에 느꼈던 아쉬움을 조금이라도 상쇄할 수 있는 기회가 되길 바라며, 향후 더 많은 한국 환경영화가 나올 수 있도록 독려하는 계기가 될 수 있기를 바란다.  (조혜영 프로그래머)"
109,80707,19곰 테드,Ted,2012,106분,세스 맥팔레인,7.62,https://movie-phinf.pstatic.net/20120907_137/1346999953178JaLN9_JPEG/movie_image.jpg,"어린 시절, 왕따에게도 왕따를 당하던 존(마크 월버그)의 소원을 통해 생명을 얻은 곰인형 테드(세스 맥팔레인)! 말하고 걷는 곰인형 테드는 전세계적인 스타가 된다. 그러나 세월에는 장사가 없는 법. 대중에게 잊혀진 스타 테드는 취미 음주가무, 특기 여자 꼬시기인 백수 한량으로 전락한다. 곰인형 외모에 어울리지 않는 음담패설과 욕설을 일삼는 발칙한 곰 테드와 27년째 그와 죽고 못사는 절친 존! 참다 못한 존의 여자친구 로리(밀라 쿠니스)는 남친의 미래를 위해 극약처방을 선택하는데… “테드, 내 남친 옆에서 좀 꺼져 줄래?”"
110,164932,해피 데스데이,Happy Death Day,2017,96분,크리스토퍼 랜던,8.19,https://movie-phinf.pstatic.net/20171030_113/15093310622251GtNg_JPEG/movie_image.jpg,생일날 반복되는 죽음이라는 특별한 선물을 받은 여대생의 끝나지 않는 파티
111,136873,겨울왕국 2,Frozen 2,2019,103분,크리스 벅,8.68,https://movie-phinf.pstatic.net/20191121_221/1574298335357mqgLk_JPEG/movie_image.jpg,"어느 날 부턴가 의문의 목소리가 엘사를 부르고, 평화로운 아렌델 왕국을 위협한다. 트롤은 모든 것은 과거에서 시작되었음을 알려주며 엘사의 힘의 비밀과 진실을 찾아 떠나야한다고 조언한다.   위험에 빠진 아렌델 왕국을 구해야만 하는 엘사와 안나는 숨겨진 과거의 진실을 찾아 크리스토프, 올라프 그리고 스벤과 함께 위험천만한 놀라운 모험을 떠나게 된다. 자신의 힘을 두려워했던 엘사는 이제 이 모험을 헤쳐나가기에 자신의 힘이 충분하다고 믿어야만 하는데…  두려움을 깨고 새로운 운명을 만나다!"
112,42809,마음이...,Heart Is,2006,97분,박은형,8.96,https://movie-phinf.pstatic.net/20111223_62/1324574693519uGwzE_JPEG/movie_image.jpg,"11살 나이답지 않게 듬직한 소년 찬이, 그리고 찬이의 6살 배기 떼쟁이 여동생 소이. 이렇게 두 오누이는 집을 나간 엄마가 돌아오길 기다리며 살고 있다. 어느날 찬이는 강아지를 갖고 싶어 떼 부리는 소이를 위해 생일 선물로 갓 태어난 강아지를 한 마리를 훔쳐온다. 소이는 엄마가 자기 마음을 알고 보내준 것 같다며 강아지 이름을 마음이라 짓는다. 그렇게 세 식구가 된 찬이, 소이, 마음이는 그 어느 때 보다 행복한 한때를 보내게 된다.  어느덧 1년이 지나고 이제 마음이는 찬이가 없을 때 소이를 친구처럼, 오빠처럼 돌볼 만큼 큰 늠름한 개가 된다. 그 해 겨울, 꽁꽁 언 강변에서 추위와 배고픔을 잊은 채 신나게 썰매를 타던 세(?) 남매에게 예기치 못한 불행이 찾아온다. 살얼음이 깨지면서 소이가 물에 빠지게 된 것이다. 그렇게 소이를 잃게된 찬이는 그 모든 것이 마음이 때문이라 생각하고 무섭게 마음의 문을 닫아버린다. 엄마도 떠나고 소이도 떠난 그 집이 싫어진 찬이. 소이의 유품인 분홍색 책가방을 챙겨 메고 찬이도 어디론가 떠난다.  홀로 남겨진 마음이는 찬이를 찾아 나서는데. 과연 마음이는 찬이를 찾을 수 있을까? 그리고 찬이는 마음이의 진심을 알게 될까?"
113,123386,누구에게나 찬란한,Glory For Everyone,2014,87분,임유철,9.37,https://movie-phinf.pstatic.net/20141024_247/1414115463146MLljX_JPEG/movie_image.jpg,"골 못 넣는 스트라이커 ‘성훈’, 만년 후보선수 ‘병훈’, 소심한 공격수 ‘규안’, 키는 작아도 실력은 일등인 ‘민재’, 먹성으로 치면 프리미어리거 ‘영선’, 멋없는 골키퍼가 싫은 ‘수민’. 가난하지만 축구에 대한 열정만큼은 누구에게도 뒤지지 않는 꼬맹이들로 뭉친 ‘희망FC’가 우여곡절 끝에 결성되고, 가난해도 축구를 통해 성공할 수 있다는 것을 알려주고 싶었던 호랑이 선생님 ‘박철우’ 감독이 이들의 1호 감독이 된다.  결성만 되면 모든 것이 해결될 것 같았던 ‘희망FC’. 하지만 ‘박철우’ 감독의 엄한 교육 방식에 아이들은 점점 ‘축구’에 대한 흥미를 잃어가고 심지어 팀을 그만두는 아이들까지 발생한다. 급기야 ‘희망FC’ 팀은 아이들을 위해 특단의 조치를 취하고, 축구를 통한 ‘성공’보다는 함께하는 ‘즐거움’을 강조하는 유소년 축구계의 ‘히딩크’ 김태근 감독이 ‘희망FC’ 2호 감독으로 취임하게 된다.  아이들의 상처를 보듬고 격려하는 김태근 감독의 따뜻한 맞춤형 코칭으로 ‘희망FC’ 아이들은 점차 경남 도내 다크호스로 급부상하기 시작한다. 마침내 코 앞으로 다가온 초등학교 주말리그 결승. 도내 최고 클럽 팀과 결승전을 치르게 된 ‘희망FC’ 아이들은 꿈에 한 발짝 더 다가갈 수 있다는 생각에 설레는데…  과연 아이들은 모두의 예상을 깨고 승리할 수 있을까?   전국민을 울릴 ‘희망FC’ 꼬맹이들의 뜨거운 반란이 시작된다!"
114,123277,스물,Twenty,2014,115분,이병헌,7.6,https://movie-phinf.pstatic.net/20150224_107/1424739640757P3Xc6_JPEG/movie_image.jpg,"인기만 많은 놈 ‘치호’ 생활력만 강한 놈 ‘동우’ 공부만 잘하는 놈 ‘경재’  아무것도 하지 않는 잉여의 삶을 지향하는 인기절정의 백수, 만화가가 되겠다는 꿈을 위해 쉴 틈 없이 준비하는 생활력 강한 재수생, 대기업 입사가 목표인 최강 스펙의 엄친아이지만 술만 마시면 돌변하는 새내기 대학생까지 인생의 가장 부끄러운 순간을 함께 한 스무살 동갑내기 세 친구의 자체발광 코미디!"
115,181414,어스,Us,2019,116분,조던 필,6.79,https://movie-phinf.pstatic.net/20190329_232/1553849027701K0DBy_JPEG/movie_image.jpg,"우리는 누구인가? 엄마, 아빠, 딸, 아들 그리고 다시 엄마, 아빠, 딸, 아들…"
116,101966,토이 스토리 4,Toy Story 4,2019,100분,조시 쿨리,9.05,https://movie-phinf.pstatic.net/20190611_117/1560221190708y3bbv_JPEG/movie_image.jpg,"장난감의 운명을 거부하고 떠난 새 친구 ‘포키’를 찾기 위해 길 위에 나선 ‘우디’는 우연히 오랜 친구 ‘보핍’을 만나고 그녀를 통해 새로운 세상에 눈을 뜨게 된다. 한편, ‘버즈’와 친구들은 사라진 ‘우디’와 ‘포키’를 찾아 세상 밖 위험천만한 모험을 떠나게 되는데…"
117,39427,"안녕, 형아",Hello Brother,2005,95분,임태형,8.27,https://movie-phinf.pstatic.net/20111223_298/1324572110503Mhros_JPEG/movie_image.jpg,"9살 장한이는 세상에서 무서울 게 없는 말썽천재이다. 학교 친구들은 모두 자기 똘마니이고 가족들은 부하나 다름없다. 특히 가끔 아프다고 투정부리는 형, 한별은 최고의 괴롭히기 연습상대. 오늘도 형아는 아프댄다. 학원 가야한다고 알람시계 맞춰놓고 형아가 잠든 사이에, 몰래 알람시계를 꺼버렸는데, 앗, 엄마한테 딱 걸렸다. 빠져나올 구멍은 단 한가지. ""형아가... 아프다고... 그래서... ""  엄마의 회초리가 무서워 슬금슬금 피하고 있는데, 형아가 갑자기 뭔가 울컥 토하고는 쓰러졌다. 그래서 우리 모두 그날 하루를 병원에서 보내게 된 것이다. 학원 안간 것두 덜 혼나고... 엄마랑 의사할아버지는 뭔가 심각한 듯한 대화를 주고받지만, 한이는 그저 타이밍 잘 맞춰서 토해준 형이 고마울 뿐. ""우헤헤, 형아도 실은 학교가기 싫어서 아픈거지?""  형아는 머리 속에 나쁜 혹이 있어서 머리를 열어서 잘라낸다고 한다. 윽, 근데 머리 속에 있는 혹을 자르는데 왜 머리카락을 빡빡 깎는지 모르겠지만... 매일 하하 웃기만 하던 아빠가 갑자기 정색을 하고는 이제 한 번이라도 형아 괴롭히면 회초리 때린다고 협박을 해도, 형아 놀려먹을 거리가 하나 더 생겼다. ""빡빡 머리 형아""  입원한 형 때문에 병원이 또다른 놀이터가 되어 거침없이 병원 복도를 힐리스 타고 질주하던 한이에게 한가지 태클이 들어온다. 형아 옆침대를 쓰게된 이상한 말투의 촌놈 빡빡이 욱이! 소원이 개그맨이라고, '옥동자'라고 불러 달라는 썰렁한 개그연발소년이다. 생긴것도 괴상한게, 오로지 자기도 빡빡이인 걸 무기삼아 형아한테 친한 척 무지하게 한다. ""우이쒸~ 왜 나만 따돌리는 거야? 다들 죽었어~""  근데, 그녀석 아빠랑 엄마가 매일 의사할아버지 붙잡고 울고, 형아도 욱이는 아프다고 괴롭히면 안된다고 하는 거 보면 꽤 많이 아픈가보다. 그래갖고 커서 '옥동자' 뺨치는 개그맨 될 수 있을라나 모르겠다.  온통 병원, 형, 수술, 약... 이런 이야기뿐인 엄마, 아빠, 형아... 도대체 재미가 없다. 열이 있는대로 받은 한이는, 학교에선 친구 코피를 터뜨리고, 병원에선 욱이에게 또 한방, 코피를 터뜨린다. 담임 선생님이 병원으로 찾아오고... 이중으로 혼나게 된 절체절명의 위기상황, 코피공격을 당했던 욱이가 왠일인지 한이를 도와서 자기네 시골집에 피신시켜준다. 도시 말썽쟁이 한이, 처음으로 시골 촌놈 욱이와 순박하게 즐거운 시간을 보낸다. 뒷산에 산다는 '타잔아저씨'가 신비한 물을 줘서 욱이도 아프다가 벌떡 일어나질 않나... 알고보니 꽤 괜찮은 여행이었다.  시골 뒷산을 펄펄거리며 뛰어다니길래 다 나은 줄 알았더니, 욱이는 다시 병원으로 돌아와서는 매일 잠만 잔다. 의사할아버지도 늘 굳은 얼굴, 도대체 이녀석 언제 눈을 뜰지 모르겠다. 게다가 형아도 머리 속에 있는 나쁜 혹 다 빼냈다더니, 그게 아니었는지 수술을 또 한다고 한다. 이상한 기계들이 잔뜩 늘어서 있는 하얀방에서 형아랑 욱이는 눈을 뜨지 않고 있다.  욱이녀석, 제일 좋아하는 개그맨 '옥동자'를 데려왔는데도 잠만 자진 않겠지? 욱이네 시골 뒷산에 있던 신비한 물을 가져다 주면 형아도 눈을 뜰까? 말썽만 부리던 한이가 바빠지기 시작한다...  {‘이 영화는 시나리오 작가 김은정의 친조카 홍설휘(15세), 홍창휘(12세) 형제의 실제 이야기를 바탕으로 제작되었습니다. 2001년 뇌종양이 발견된 설휘는 2005년 1월 4번째 수술을 받고 퇴원해 캐나다에서 살고 있으며, 현재도 투병중입니다’}"
118,73398,아마존의 눈물,Hello Brother,2005,88분,김진만,8.44,https://movie-phinf.pstatic.net/20111223_183/1324605827136K1mk2_JPEG/movie_image.jpg,"9개월의 사전 조사와 250일의 제작 기간, 제작비 15억 원이 투입된 TV 다큐멘터리의 극장 버전. TV 방영 당시 다큐 사상 최고의 시청률인 20%를 돌파하며 화제를 모으기도 했으며, 아마존의 원초적 에너지와 역동적인 생명력을 사실감 있게 담아냈다는 평가를 받았다. TV에서 공개하지 않은 편집본으로 극장에 개봉된다."
119,38898,화이트 칙스,White Chicks,2004,108분,키넌 아이버리 웨이언스,8.66,https://movie-phinf.pstatic.net/20111222_175/1324500203068WSuLH_JPEG/movie_image.jpg,"위장술 하나는 끝내주지만 정작 사건 해결은 못해본 FBI 명물 콤비 마커스(말론 웨이언스)와 케빈(숀 웨이언스)은 순간의 착각으로 거물급 마약상을 놓치는 일대 실수를 저지르고 만다. FBI에서 퇴출 위기에 몰린 둘은 얼떨결에 자선파티 참석을 위해 LA에 오는 호텔재벌 윌슨가 자매의 모두가 꺼려하는 경호를 떠맡게 된다. 하지만 첫날부터 호틀갑 자매의 귀하신 얼굴에 상처를 내는 대형사고(?)를 치고 마는데...  길길이 날뛰는 자매 앞에 이들이 살아남는 방법은 딱 하나! '뽕 넣고 찍어 발라서라도' 그녀들로 변신, 그녀들 대신 사교계를 휘어잡는 것! 이제 풍만한 가슴에 쭉빠진 바디라인의 금발미녀가 된 그들, 아니 그녀들은 알고보면 첩보전을 능가하는 칵테일 파티와 총격전보다 살벌한 패션쇼 등 재벌계의 엄청난 사생활에 말려들기 시작하는데...?!"
120,121051,곡성(哭聲),THE WAILING,2016,156분,나홍진,7.61,https://movie-phinf.pstatic.net/20160425_165/1461560165179gYQ0g_JPEG/movie_image.jpg,"낯선 외지인(쿠니무라 준)이 나타난 후 벌어지는 의문의 연쇄 사건들로 마을이 발칵 뒤집힌다.  경찰은 집단 야생 버섯 중독으로 잠정적 결론을 내리지만  모든 사건의 원인이 그 외지인 때문이라는 소문과 의심이 걷잡을 수 없이 퍼져 나간다.   경찰 ‘종구’(곽도원)는 현장을 목격했다는 여인 ‘무명’(천우희)을 만나면서  외지인에 대한 소문을 확신하기 시작한다.  딸 ‘효진’(김환희)이 피해자들과 비슷한 증상으로 아파오기 시작하자 다급해진 ‘종구’.  외지인을 찾아 난동을 부리고, 무속인 ‘일광’(황정민)을 불러들이는데..."
121,150198,너의 이름은.,"君の名は。,  your name.",2016,106분,신카이 마코토,8.76,https://movie-phinf.pstatic.net/20171222_70/1513920001726sikUX_JPEG/movie_image.jpg,"아직 만난 적 없는 너를, 찾고 있어  천년 만에 다가오는 혜성 기적이 시작된다  도쿄에 사는 소년 ‘타키’와 시골에 사는 소녀 ‘미츠하’는 서로의 몸이 뒤바뀌는 신기한 꿈을 꾼다 낯선 가족, 낯선 친구들, 낯선 풍경들... 반복되는 꿈과 흘러가는 시간 속, 마침내 깨닫는다 우리, 서로 뒤바뀐 거야?  절대 만날 리 없는 두 사람 반드시 만나야 하는 운명이 되다  서로에게 남긴 메모를 확인하며 점점 친구가 되어가는 ‘타키’와 ‘미츠하’ 언제부턴가 더 이상 몸이 바뀌지 않자 자신들이 특별하게 이어져있었음을 깨달은 ‘타키’는 ‘미츠하’를 만나러 가는데...  잊고 싶지 않은 사람 잊으면 안 되는 사람 너의 이름은?"
122,34324,집으로...,The Way Home,2002,87분,이정향,9.34,https://movie-phinf.pstatic.net/20190805_26/1564994340344jQru8_JPEG/movie_image.jpg,도시에 사는 7살 개구쟁이 ‘상우’가 외할머니가 혼자 살고 계신 시골집에 머물게 된다. 말도 못하고 글도 못 읽는 외할머니와의 시골살이… ‘상우’ 인생 최초의 시련은 과연 최고의 추억이 될 수 있을까?
123,115298,잉여들의 히치하이킹,Lazy hitchhikers' tour de europe,2013,105분,이호재,9.23,https://movie-phinf.pstatic.net/20131104_167/1383542156475kKEVI_JPEG/movie_image.jpg,"파리, 로마, 이스탄불, 런던까지…  전 유럽을 발칵 뒤집어 놓은  무일푼 잉여들의 물물교환 유럽 평정기!  스스로를 '잉여인간'이라고 부르는 호재(24), 하비(22), 현학(20), 휘(20). 처음이자 마지막일지도 모를 잉여로운(?) 20대 보내기를 위해 네 친구들은 단돈 80만원과 카메라 1대만 들고 무작정 유럽 행 비행기에 몸을 싣는다.  ‘잉여4’는 숙박업소 홍보영상을 찍어주고 '물물교환'으로 무료숙식을 제공받아 1년간 전 유럽을 일주하겠다는 야망과 동시에,  마지막에는 뮤직비디오를 한편 만들어 보겠다는 거창한(?) 계획을 세우고  드디어 프랑스 파리에 첫발을 내딛는 데…  하지만 처음 계획과 달리 이들을 찾아주는 곳은 한 곳도 없고, 결국 아무런 소득 없이 추위를 피해 남쪽인 이탈리아 로마까지 히치하이킹을 떠나게 되고, 추위와 배고픔에 지쳐가며 히치하이킹을 이어가던 이들에게 뜻밖의 기회가 찾아오는데...   터키의 이스탄불, 그들의 마지막 종착역인 영국의 런던까지 단 한편의 ‘홍보영상’으로 ‘전 유럽 호스텔계의 슈퍼스타’가 된 ‘잉여4’ 이제 마지막으로 하고 싶은 것이 남았다. 뮤직비디오 제작… 남은 여행일정은 단 5일.  과연 이들의 꿈은 이뤄질 수 있을까?  이들의 파란만장한 365일간의 여정이 지금부터 시작된다."
124,180390,퍼펙트맨,Man of Men,2018,116분,용수,7.86,https://movie-phinf.pstatic.net/20190918_70/1568789034699xL82H_JPEG/movie_image.jpg,"퍼펙트한 인생을 위해 한탕을 꿈꾸는 건달 ‘영기’(조진웅) 조직 보스의 돈 7억을 빼돌려 주식에 투자하지만, 사기꾼에게 속아 주식은 휴지조각이 되고 만다. 목숨을 부지하기 위해 어떻게든 7억을 구해야 하는 영기 앞에 까칠한 로펌 대표 ‘장수’(설경구)가 나타난다.  두 달 시한부 ‘장수’는 자신이 해야 할 일들을 도와주는 조건으로 영기에게 자신의 사망보험금을 내건 빅딜을 제안하는데…  돈 쫌 많은 로펌 대표와 폼 쫌 잡는 꼴통 건달 퍼펙트하게 다른 두 남자의 인생 최대 반전이 시작된다"
125,167613,조커,Joker,2019,123분,토드 필립스,8.65,https://movie-phinf.pstatic.net/20190906_128/1567761736426S6Fje_JPEG/movie_image.jpg,고담시의 광대 아서 플렉은 코미디언을 꿈꾸는 남자. 하지만 모두가 미쳐가는 코미디 같은 세상에서 맨 정신으로는 그가 설 자리가 없음을 깨닫게 되는데… 이제껏 본 적 없는 진짜 ‘조커’를 만나라!
126,130850,주토피아,Zootopia,2016,108분,바이론 하워드,9.35,https://movie-phinf.pstatic.net/20160217_153/1455686083975zjajH_JPEG/movie_image.jpg,"누구나 살고 싶은 도시 1위, 주토피아 연쇄 실종 사건 발생! “미치도록 잡고 싶었다!”   교양 있고 세련된 라이프 스타일을 주도하는 도시 주토피아. 이 곳을 단숨에 혼란에 빠트린 연쇄 실종사건이 발생한다!  주토피아 최초의 토끼 경찰관 주디 홉스는 48시간 안에 사건 해결을 지시 받자  뻔뻔한 사기꾼 여우 닉 와일드에게 협동 수사를 제안하는데…    스릴 넘치는 추격전의 신세계가 열린다!"
127,134963,라라랜드,La La Land,2016,127분,데이미언 셔젤,8.59,https://movie-phinf.pstatic.net/20161123_188/1479862185516tYkKO_JPEG/movie_image.jpg,"꿈을 꾸는 사람들을 위한 별들의 도시 ‘라라랜드’. 재즈 피아니스트 ‘세바스찬’(라이언 고슬링)과 배우 지망생 ‘미아’(엠마 스톤), 인생에서 가장 빛나는 순간 만난 두 사람은 미완성인 서로의 무대를 만들어가기 시작한다."
128,154449,리틀 포레스트,Little Forest,2018,103분,임순례,8.77,https://movie-phinf.pstatic.net/20180130_167/1517289346533DfzLE_JPEG/movie_image.jpg,"시험, 연애, 취업… 뭐하나 뜻대로 되지 않는 일상을 잠시 멈추고 고향으로 돌아온 혜원은 오랜 친구인 재하와 은숙을 만난다   남들과는 다른, 자신만의 삶을 살기 위해 고향으로 돌아온 ‘재하’,  평범한 일상에서의 일탈을 꿈꾸는 ‘은숙’과 함께 직접 키운 농작물로 한끼 한끼를 만들어 먹으며 겨울에서 봄, 그리고 여름, 가을을 보내고 다시 겨울을 맞이하게 된 혜원.   그렇게 특별한 사계절을 보내며 고향으로 돌아온 진짜 이유를 깨닫게 된 혜원은  새로운 봄을 맞이하기 위한 첫 발을 내딛는데…"
129,52120,업,Up,2009,101분,피트 닥터,9.31,https://movie-phinf.pstatic.net/20111223_221/1324590426566npnJd_JPEG/movie_image.jpg,"평생 모험을 꿈꿔 왔던 ‘칼’ 할아버지는 수천 개의 풍선을 매달아 집을 통째로 남아메리카로 날려 버리는데, ‘칼’ 할아버지의 이 위대한 모험에 초대 받지 않은 불청객이 있었으니, 바로 황야의 탐험가 ‘러셀’! 지구상에 둘도 없을 이 어색한 커플이 함께 하는 대모험. 그들은 과연 남미의 잃어버린 세계에서 사라져 버린 꿈과 희망, 행복을 다시 찾을 수 있을까?"
130,120157,검은 사제들,The Priests,2015,108분,장재현,8.32,https://movie-phinf.pstatic.net/20151012_285/1444614874682ClEkX_JPEG/movie_image.jpg,"2015년 서울 뺑소니 교통사고 이후 의문의 증상에 시달리는 한 소녀(박소담). 잦은 돌출 행동으로 교단의 눈 밖에 난 ‘김신부’(김윤석)는 모두의 반대와 의심 속, 소녀를 구하기 위한 자신만의 계획을 준비한다.   이를 위해선 모든 자격에 부합하는 또 한 명의 사제가 필요한 상황, 모두가 기피하는 가운데 신학생인 ‘최부제’(강동원)가 선택되고, 그는 ‘김신부’를 돕는 동시에 감시하라는 미션을 받게 된다.   그리고 마침내 소녀를 구할 수 있는 단 하루의 기회, 김신부와 최부제는 모두의 목숨을 잃을 수도 있는 위험한 예식을 시작하는데… “절대 쳐다보지마. 이제부터 넌 여기 없는 거야”"
131,31726,엽기적인 그녀,My Sassy Girl,2001,122분,곽재용,9.29,https://movie-phinf.pstatic.net/20111223_278/1324577048430YYLpv_JPEG/movie_image.jpg,"‘전반전’. 그녀와 저는 같은 문으로 함께 인천행 지하철을 타게 되씀미다. 취해서 비틀거리지만 안는다면 정말 매력저기고 갠차는 아가씨여쪄... 푸하하핫! 진짜 특이하다! 저는 그녀가 술에 취해서 배를 기대고 서있는 모습이 귀여워서 힐끔거리며 그녀를 계속 지켜보아씀미다. 그런데 몸을 미세하게 부르르 떨던 그녀가 왠지 불안해 보이더니만 마침내 우웨에엑~~~ 우웨엑~~ 좌르르르르~~~ 네, 그러씀미다! 그녀가 앞에 앉아 이떤 대머리 아저씨 머리 위에 순식간에 일을 친 거시여씀미다!! 순간 지하철안은 아수라장이 되고 절라 재미는 상황이었져. 진짜 일은 거기서부터 터지고야 말아씀미다. 오바이트를 시원하게 하던 그녀가 게슴치레한 눈빛으로 저를 보며 이러는 검미다! 자기야!~ 어어억~ 우욱~ 자기~ 웩~! 쿵... 이 여자 좋은 느낌이 듬니다. 원래 그러치안은데 실연의 아픔이 너무나 큰 것 가씀미다. 괜히 불쌍한 마음이 듬미다. 제 마음 어디에선가 싸늘한 바람이 부는 것도 가씀미다. 그래, 이 여자의 아픔을 한번 치료해보자!! 강물 깊이가 궁금하면 가차업시 물 속으로 떠밀어버리는 여자! 그러나 정신업시 허우적대는 저를 위해서 물 속으로 뛰어들쭐도 아는 여자... 그녀의 생일, 얼렁뚱땅 너머가면 살해할찌도 모를 여자! 그러나 일촉즉발 인질로 잡혀있던 나를 목숨걸고 구해주며 기막힌 감동을 먹일쭐도 아는 여자! ‘후반전’. 요즘은 그녀가 참 많이 우씀미다. 해맑게 웃는 그녀를 보고 있으면 제 마음도 한 없이 행복해짐미다. 지금까지 제가 힘이 되어주었는지 자신이 업씀미다. 제가 그녀를 감싸준것도 그녀에게 보여준 것도 또 그녀를 치료한 적도 없는 것 가씀미다. 이제 그녀 곁을 떠날 때가 점점 가까워지는 것을 느낌미다. 그리고 오늘 타임캡슐에 서로의 마음을 담고 타이머를 2년 후에 맞춰씀미다. 이 캡슐이 열리는 날! 서로의 마음을 확인할 껌미다. 그렇게 그녀는 헤어지자는 말을 대신했슴미다. ‘연장전’. 오늘 헤어지고 내일 만나는 것처럼 우리는 지금 헤어지고 분명히 다시 만날 것임미다. 다만 오늘과 내일처럼 가까운 시간이 아닐 뿐... 믿슴미다."
132,76667,울지마 톤즈,Don't Cry for Me Sudan,2010,91분,구수환,9.34,https://movie-phinf.pstatic.net/20111223_289/1324622149942dtKyL_JPEG/movie_image.jpg,"2010년 2월, 아프리카 수단 남쪽의 작은 마을 톤즈. 남 수단의 자랑인 톤즈 브라스 밴드가 마을을 행진했다. 선두에선 소년들은 한 남자의 사진을 들고 있고 있었다. 환하게 웃고 있는 사진 속 한 남자… 마을 사람들은 톤즈의 아버지였던 그의 죽음이 믿기지 않는다며 눈물을 흘렸다. 그들은 세계에서 가장 키가 큰 딩카족이다. 남과 북으로 나뉜 수단의 오랜 내전 속에서 그들의 삶은 분노와 증오 그리고 가난과 질병으로 얼룩졌다. 목숨을 걸고 가족과 소를 지키기 위해 싸우는 딩카족. 강인함과 용맹함의 상징인 종족 딩카족에게 눈물은 가장 큰 수치다. 무슨 일이 있어도 눈물을 보이지 않던 그들이 울고 말았다. 모든 것이 메마른 땅 톤즈에서 눈물의 배웅을 받으며 이 세상 마지막 길을 떠난 사람, 마흔 여덟의 나이로 짧은 생을 마감한 故 이태석 신부다. 톤즈의 아버지이자, 의사였고, 선생님, 지휘자, 건축가였던 쫄리 신부님, 이태석… 자신의 모든 것을 바쳐 온몸 다해 그들을 사랑했던 헌신적인 그의 삶이 스크린에서 펼쳐진다."
133,165461,공범자들,Criminal Conspiracy,2017,106분,최승호,9.1,https://movie-phinf.pstatic.net/20170731_231/15014620888879TqBt_JPEG/movie_image.jpg,"2008년 미국산 쇠고기 수입문제 보도로 MB정부가 큰 타격을 입자 본격적인 언론 장악이 시작된다. 첫 타겟이 된 KBS가 권력에 의해 점차 무너지고, 2010년 ‘4대강 사업’의 실체를 고발한 MBC 도 점령당한다. 결국 방송 검열이라는 최악의 상황으로 치닫으면서, 더 이상 공영방송이 아닌 권력의 홍보 기지로 전락한 KBS와 MBC. 2014년 세월호 참사의 오보와 2016년 최순실 국정농단 사건의 진실마저 은폐하려 한다. 최승호 감독은 지난 10년 동안 공영방송을 망친 주범과 그들과 손잡은 공범자들의 실체를 밝히기 위해 다시 한 번 움직이기 시작하는데…"
134,94775,7번방의 선물,Miracle in Cell No.7,2012,127분,이환경,8.83,https://movie-phinf.pstatic.net/20130118_115/1358472020816kP4vN_JPEG/movie_image.jpg,"최악의 흉악범들이 모인 교도소 7번방에 이상한 놈이 들어왔다! 그는 바로 6살 지능의 딸바보 '용구'!  평생 죄만 짓고 살아온 7번방 패밀리들에게 떨어진 미션은 바로 '용구' 딸 '예승'이를 외부인 절대 출입금지인 교도소에 반.입.하.는.것! 2013년 새해, 웃음과 감동 가득한 사상초유의 합동작전이 시작된다!"
135,42842,유령 신부,Corpse Bride,2005,77분,팀 버튼,8.31,https://movie-phinf.pstatic.net/20111222_262/1324484212330SUFuk_JPEG/movie_image.jpg,"지루한 일상에 비해 활기가 넘치는 지하세계, 인간들에 비해 더욱 생동감 넘치는 유령들의 축제 등 감독 특유의 기이하고 몽환적인 상상의 세계가 놀랄 만큼 흥미롭게 펼쳐진다. 여기에 팀 버튼의 영원한 단짝 조니 뎁을 비롯해 헬레나 본햄 카터, 에밀리 왓슨, 알버트 피니, 크리스토퍼 리 등 연기파 배우들의 목소리 출연이 작품에 생기를 불어 넣는다. 특히, 배우들과 꼭 닮은 모습의 캐릭터들은 <유령신부>가 즐거운 또 하나의 이유이다. 결혼이 두려운 소심한 신랑 빅터(조니 뎁)가 겪는 환상적인 이야기. 결혼식을 하루 앞둔 빅터는 예행연습에서 계속 실수를 하자 밖으로 뛰쳐나간다. 숲 속에서 홀로 연습하던 도중, 땅 위로 튀어나온 손가락 뼈에 반지를 끼웠다가 유령신부(헬레나 본햄 카터)의 오해로 지하세계에 끌려가게 되는 색다른 경험을 하게 되는 것이다."
136,102875,국제시장,Ode to My Father,2014,126분,윤제균,9.01,https://movie-phinf.pstatic.net/20141124_107/141679124450580TTS_JPEG/movie_image.jpg,"1950년대 한국전쟁 이후로부터 현재에 이르기까지 격변의 시대를 관통하며 살아온 우리 시대 아버지 ‘덕수’(황정민 분), 그는 하고 싶은 것도 되고 싶은 것도 많았지만 평생 단 한번도 자신을 위해 살아본 적이 없다. ‘괜찮다’ 웃어 보이고 ‘다행이다’ 눈물 훔치며 힘들었던 그때 그 시절, 오직 가족을 위해 굳세게 살아온 우리들의 아버지 이야기가 지금부터 시작된다."
137,151728,코코,Coco,2017,127분,리 언크리치,9.26,https://movie-phinf.pstatic.net/20171222_56/1513906341368blx3Q_JPEG/movie_image.jpg,뮤지션을 꿈꾸는 소년 미구엘은 전설적인 가수 에르네스토의 기타에 손을 댔다 ‘죽은 자들의 세상’에 들어가게 된다. 그리고 그곳에서 만난 의문의 사나이 헥터와 함께 상상조차 못했던 모험을 시작하게 되는데… 과연 ‘죽은 자들의 세상’에 숨겨진 비밀은? 그리고 미구엘은 무사히 현실로 돌아올 수 있을까?
138,175322,마녀,The Witch : Part 1. The Subversion,2018,125분,박훈정,8.18,https://movie-phinf.pstatic.net/20180710_211/1531198746645nsdKN_JPEG/movie_image.jpg,"10년 전 의문의 사고가 일어난 시설에서 홀로 탈출한 후 모든 기억을 잃은 ‘자윤’.  나이도, 이름도 모르는 자신을 거두고 키워준 노부부의 보살핌으로  씩씩하고 밝은 여고생으로 자라났다.   어려운 집안사정을 돕기 위해 상금이 걸린 오디션 프로그램에 출연한 자윤, 방송이 나간 직후부터 의문의 인물들이 그녀 앞에 나타난다.  자윤의 주변을 맴돌며 날카롭게 지켜보는 남자 ‘귀공자’,  그리고 과거 사고가 일어난 시점부터 사라진 아이를 찾던 ‘닥터 백’과 ‘미스터 최’까지  자신은 전혀 기억하지 못하는 그들의 등장으로,  자윤은 혼란에 휩싸이게 되는데...!  그들이 나타난 후 모든 것이 바뀌었다"
139,51143,과속스캔들,Speed Scandal,2008,108분,강형철,9.19,https://movie-phinf.pstatic.net/20111223_14/1324584883775HhKfa_JPEG/movie_image.jpg,"한때 아이돌 스타로 10대 소녀 팬들의 영원한 우상이었던 남현수(차태현). 지금은 서른 중반의 나이지만, 그래도 아직까지는 잘나가는 연예인이자, 청취율 1위의 인기 라디오 DJ. 어느 날 애청자를 자처하며 하루도 빠짐없이 라디오에 사연을 보내오던 황.정.남(박보영)이 느닷없이 찾아와 자신이 현수가 과속해서 낳은 딸이라며 바득바득 우겨대기 시작하는데!! 그것도 애까지 달고 나타나서…… 집은 물론 현수의 나와바리인 방송국까지. 어디든 물불 안 가리고 쫓아다니는 스토커 정남으로 인해 완벽했던 인생에 태클 한방 제대로 걸린 현수. 설상가상 안 그래도 머리 복잡한 그에게 정남과 스캔들까지 휩싸이게 되는데…  나 이제, 이거 한방 터지면 정말 끝이다! 끝!!"
140,77855,달팽이의 별,Planet Of Snail,2012,85분,이승준,9.06,https://movie-phinf.pstatic.net/20120209_31/13287638751393CKUL_JPEG/movie_image.jpg,"보이지 않는 눈과 들리지 않는 귀를 가졌기 때문에 마치 달팽이처럼 오직 촉각에만 의지해 아주 느린 삶을 사는 영찬 씨. 영찬 씨가 세상에서 가장 아름다운 여인이라고 생각하는 순호 씨는 척추장애로 조금 작은 몸집을 가졌지만 영찬을 세상 밖으로 이끌어 꿈을 향해 도전할 수 있도록 돕는 생명줄 같은 역할을 한다. 가장 값진 것을 보기 위해 잠시 눈을 감고, 가장 참된 것을 듣기 위해 잠시 귀를 닫고, 가장 진실한 말을 하기 위해 잠시 침묵 속에서 기다리는 이 연인의 사랑은 오늘도, 내일도, 언제까지나 우주에서 가장 빛난다.  제24회 암스테르담국제다큐멘터리영화제(IDFA) 장편부문 대상"
